Name,Division,segment,order,speed_kmh
Christophe Halleumieux,M50-54,Swim,0,3.9
Christophe Halleumieux,M50-54,T1,1,1.0
Christophe Halleumieux,M50-54,Bike,2,39.5
Christophe Halleumieux,M50-54,T2,3,1.0
Christophe Halleumieux,M50-54,Run,4,14.3
Korbinian Rudzki,M30-34,Swim,0,4.1
Korbinian Rudzki,M30-34,T1,1,1.0
Korbinian Rudzki,M30-34,Bike,2,40.7
Korbinian Rudzki,M30-34,T2,3,1.0
Korbinian Rudzki,M30-34,Run,4,16.2
Burkhard Schmidt,M65-69,Swim,0,3.6
Burkhard Schmidt,M65-69,T1,1,1.0
Burkhard Schmidt,M65-69,Bike,2,33.9
Burkhard Schmidt,M65-69,T2,3,1.0
Burkhard Schmidt,M65-69,Run,4,11.4
Andreas Bund,M55-59,Swim,0,3.4
Andreas Bund,M55-59,T1,1,1.0
Andreas Bund,M55-59,Bike,2,36.7
Andreas Bund,M55-59,T2,3,1.0
Andreas Bund,M55-59,Run,4,13.8
Alejandro Lopez Valenciano,M35-39,Swim,0,4.0
Alejandro Lopez Valenciano,M35-39,T1,1,1.0
Alejandro Lopez Valenciano,M35-39,Bike,2,40.0
Alejandro Lopez Valenciano,M35-39,T2,3,1.0
Alejandro Lopez Valenciano,M35-39,Run,4,15.3
Sandro Silva,M35-39,Swim,0,4.2
Sandro Silva,M35-39,T1,1,1.0
Sandro Silva,M35-39,Bike,2,39.5
Sandro Silva,M35-39,T2,3,1.0
Sandro Silva,M35-39,Run,4,15.4
Ronan Leboulch,M60-64,Swim,0,4.1
Ronan Leboulch,M60-64,T1,1,1.0
Ronan Leboulch,M60-64,Bike,2,36.5
Ronan Leboulch,M60-64,T2,3,1.0
Ronan Leboulch,M60-64,Run,4,11.3
Fernando Carmo,M55-59,Swim,0,3.4
Fernando Carmo,M55-59,T1,1,1.0
Fernando Carmo,M55-59,Bike,2,38.3
Fernando Carmo,M55-59,T2,3,1.0
Fernando Carmo,M55-59,Run,4,12.8
Diogo Allen Coelho,M25-29,Swim,0,4.1
Diogo Allen Coelho,M25-29,T1,1,1.0
Diogo Allen Coelho,M25-29,Bike,2,42.7
Diogo Allen Coelho,M25-29,T2,3,1.0
Diogo Allen Coelho,M25-29,Run,4,15.1
Renaud Brunet,M40-44,Swim,0,4.0
Renaud Brunet,M40-44,T1,1,1.0
Renaud Brunet,M40-44,Bike,2,38.3
Renaud Brunet,M40-44,T2,3,1.0
Renaud Brunet,M40-44,Run,4,14.9
Tom Vangeneugden,M40-44,Swim,0,5.1
Tom Vangeneugden,M40-44,T1,1,1.0
Tom Vangeneugden,M40-44,Bike,2,37.5
Tom Vangeneugden,M40-44,T2,3,1.0
Tom Vangeneugden,M40-44,Run,4,14.2
Gilles Salle,M50-54,Swim,0,3.6
Gilles Salle,M50-54,T1,1,1.0
Gilles Salle,M50-54,Bike,2,38.5
Gilles Salle,M50-54,T2,3,1.0
Gilles Salle,M50-54,Run,4,13.1
Erik Vanhove,M40-44,Swim,0,3.9
Erik Vanhove,M40-44,T1,1,1.0
Erik Vanhove,M40-44,Bike,2,38.1
Erik Vanhove,M40-44,T2,3,1.0
Erik Vanhove,M40-44,Run,4,14.8
Charly Ramel,M18-24,Swim,0,4.6
Charly Ramel,M18-24,T1,1,1.0
Charly Ramel,M18-24,Bike,2,41.0
Charly Ramel,M18-24,T2,3,1.0
Charly Ramel,M18-24,Run,4,15.5
Massimo Argiolas,M60-64,Swim,0,3.6
Massimo Argiolas,M60-64,T1,1,1.0
Massimo Argiolas,M60-64,Bike,2,35.7
Massimo Argiolas,M60-64,T2,3,1.0
Massimo Argiolas,M60-64,Run,4,11.8
Redouane Aissa,M45-49,Swim,0,3.7
Redouane Aissa,M45-49,T1,1,1.0
Redouane Aissa,M45-49,Bike,2,37.1
Redouane Aissa,M45-49,T2,3,1.0
Redouane Aissa,M45-49,Run,4,14.2
Michele Ghidini,M25-29,Swim,0,4.3
Michele Ghidini,M25-29,T1,1,1.0
Michele Ghidini,M25-29,Bike,2,39.7
Michele Ghidini,M25-29,T2,3,1.0
Michele Ghidini,M25-29,Run,4,16.2
Luca Liuzzi,M40-44,Swim,0,3.8
Luca Liuzzi,M40-44,T1,1,1.0
Luca Liuzzi,M40-44,Bike,2,39.8
Luca Liuzzi,M40-44,T2,3,1.0
Luca Liuzzi,M40-44,Run,4,13.6
Steven Chaid,M55-59,Swim,0,3.9
Steven Chaid,M55-59,T1,1,1.0
Steven Chaid,M55-59,Bike,2,36.0
Steven Chaid,M55-59,T2,3,1.0
Steven Chaid,M55-59,Run,4,12.7
Gaël Bosc,M18-24,Swim,0,4.9
Gaël Bosc,M18-24,T1,1,1.0
Gaël Bosc,M18-24,Bike,2,41.3
Gaël Bosc,M18-24,T2,3,1.0
Gaël Bosc,M18-24,Run,4,14.6
Aziz Mimouni,M55-59,Swim,0,3.6
Aziz Mimouni,M55-59,T1,1,1.0
Aziz Mimouni,M55-59,Bike,2,35.7
Aziz Mimouni,M55-59,T2,3,1.0
Aziz Mimouni,M55-59,Run,4,13.0
Dominic Wimmer,M40-44,Swim,0,4.2
Dominic Wimmer,M40-44,T1,1,1.0
Dominic Wimmer,M40-44,Bike,2,38.1
Dominic Wimmer,M40-44,T2,3,1.0
Dominic Wimmer,M40-44,Run,4,14.0
Nicholas Francuz,M40-44,Swim,0,3.8
Nicholas Francuz,M40-44,T1,1,1.0
Nicholas Francuz,M40-44,Bike,2,38.5
Nicholas Francuz,M40-44,T2,3,1.0
Nicholas Francuz,M40-44,Run,4,14.0
Carlos Mora,M50-54,Swim,0,3.6
Carlos Mora,M50-54,T1,1,1.0
Carlos Mora,M50-54,Bike,2,37.3
Carlos Mora,M50-54,T2,3,1.0
Carlos Mora,M50-54,Run,4,13.1
Jose Valls Santos,M60-64,Swim,0,3.6
Jose Valls Santos,M60-64,T1,1,1.0
Jose Valls Santos,M60-64,Bike,2,33.1
Jose Valls Santos,M60-64,T2,3,1.0
Jose Valls Santos,M60-64,Run,4,12.5
Vincent Pennec,M35-39,Swim,0,3.5
Vincent Pennec,M35-39,T1,1,1.0
Vincent Pennec,M35-39,Bike,2,38.3
Vincent Pennec,M35-39,T2,3,1.0
Vincent Pennec,M35-39,Run,4,15.2
Miguel Arbelo Navarro,M40-44,Swim,0,4.3
Miguel Arbelo Navarro,M40-44,T1,1,1.0
Miguel Arbelo Navarro,M40-44,Bike,2,37.1
Miguel Arbelo Navarro,M40-44,T2,3,1.0
Miguel Arbelo Navarro,M40-44,Run,4,14.0
Oliviera Coutinho Domingo,M55-59,Swim,0,3.3
Oliviera Coutinho Domingo,M55-59,T1,1,1.0
Oliviera Coutinho Domingo,M55-59,Bike,2,35.5
Oliviera Coutinho Domingo,M55-59,T2,3,1.0
Oliviera Coutinho Domingo,M55-59,Run,4,13.1
John Vaughan,M45-49,Swim,0,3.9
John Vaughan,M45-49,T1,1,1.0
John Vaughan,M45-49,Bike,2,37.3
John Vaughan,M45-49,T2,3,1.0
John Vaughan,M45-49,Run,4,13.0
Pablo Cabeza Sánchez,M60-64,Swim,0,3.4
Pablo Cabeza Sánchez,M60-64,T1,1,1.0
Pablo Cabeza Sánchez,M60-64,Bike,2,35.7
Pablo Cabeza Sánchez,M60-64,T2,3,1.0
Pablo Cabeza Sánchez,M60-64,Run,4,11.3
Asier Oiartzabal Garmendia,M50-54,Swim,0,4.0
Asier Oiartzabal Garmendia,M50-54,T1,1,1.0
Asier Oiartzabal Garmendia,M50-54,Bike,2,38.0
Asier Oiartzabal Garmendia,M50-54,T2,3,1.0
Asier Oiartzabal Garmendia,M50-54,Run,4,11.8
Philippe Albos,M60-64,Swim,0,3.4
Philippe Albos,M60-64,T1,1,1.0
Philippe Albos,M60-64,Bike,2,33.7
Philippe Albos,M60-64,T2,3,1.0
Philippe Albos,M60-64,Run,4,12.4
Ben Weir,M45-49,Swim,0,3.9
Ben Weir,M45-49,T1,1,1.0
Ben Weir,M45-49,Bike,2,36.5
Ben Weir,M45-49,T2,3,1.0
Ben Weir,M45-49,Run,4,13.2
Ian Thomas,M60-64,Swim,0,3.1
Ian Thomas,M60-64,T1,1,1.0
Ian Thomas,M60-64,Bike,2,33.5
Ian Thomas,M60-64,T2,3,1.0
Ian Thomas,M60-64,Run,4,12.7
Simon Beckers,M30-34,Swim,0,4.7
Simon Beckers,M30-34,T1,1,1.0
Simon Beckers,M30-34,Bike,2,39.8
Simon Beckers,M30-34,T2,3,1.0
Simon Beckers,M30-34,Run,4,13.5
Menno Feulner,M50-54,Swim,0,4.1
Menno Feulner,M50-54,T1,1,1.0
Menno Feulner,M50-54,Bike,2,37.1
Menno Feulner,M50-54,T2,3,1.0
Menno Feulner,M50-54,Run,4,12.2
Jeremy Sannier,M30-34,Swim,0,4.4
Jeremy Sannier,M30-34,T1,1,1.0
Jeremy Sannier,M30-34,Bike,2,39.6
Jeremy Sannier,M30-34,T2,3,1.0
Jeremy Sannier,M30-34,Run,4,13.7
Gwenaël Marchand,M45-49,Swim,0,3.5
Gwenaël Marchand,M45-49,T1,1,1.0
Gwenaël Marchand,M45-49,Bike,2,37.9
Gwenaël Marchand,M45-49,T2,3,1.0
Gwenaël Marchand,M45-49,Run,4,12.6
Piotr Kazmierczak,M50-54,Swim,0,3.4
Piotr Kazmierczak,M50-54,T1,1,1.0
Piotr Kazmierczak,M50-54,Bike,2,37.7
Piotr Kazmierczak,M50-54,T2,3,1.0
Piotr Kazmierczak,M50-54,Run,4,12.3
Maxence Dion,M18-24,Swim,0,4.6
Maxence Dion,M18-24,T1,1,1.0
Maxence Dion,M18-24,Bike,2,38.5
Maxence Dion,M18-24,T2,3,1.0
Maxence Dion,M18-24,Run,4,15.2
Mohamed Ali Bani,M40-44,Swim,0,4.0
Mohamed Ali Bani,M40-44,T1,1,1.0
Mohamed Ali Bani,M40-44,Bike,2,36.9
Mohamed Ali Bani,M40-44,T2,3,1.0
Mohamed Ali Bani,M40-44,Run,4,13.6
Ewen Cadoret,M18-24,Swim,0,4.0
Ewen Cadoret,M18-24,T1,1,1.0
Ewen Cadoret,M18-24,Bike,2,40.1
Ewen Cadoret,M18-24,T2,3,1.0
Ewen Cadoret,M18-24,Run,4,14.7
Zakaria Hssiki,M30-34,Swim,0,4.2
Zakaria Hssiki,M30-34,T1,1,1.0
Zakaria Hssiki,M30-34,Bike,2,37.0
Zakaria Hssiki,M30-34,T2,3,1.0
Zakaria Hssiki,M30-34,Run,4,14.8
Zeus Lopez Perez,M35-39,Swim,0,4.2
Zeus Lopez Perez,M35-39,T1,1,1.0
Zeus Lopez Perez,M35-39,Bike,2,39.2
Zeus Lopez Perez,M35-39,T2,3,1.0
Zeus Lopez Perez,M35-39,Run,4,12.8
Raphaël Triquet,M50-54,Swim,0,3.6
Raphaël Triquet,M50-54,T1,1,1.0
Raphaël Triquet,M50-54,Bike,2,36.7
Raphaël Triquet,M50-54,T2,3,1.0
Raphaël Triquet,M50-54,Run,4,12.1
James Long,M30-34,Swim,0,3.4
James Long,M30-34,T1,1,1.0
James Long,M30-34,Bike,2,39.1
James Long,M30-34,T2,3,1.0
James Long,M30-34,Run,4,14.5
Rachid Bettache,M45-49,Swim,0,4.0
Rachid Bettache,M45-49,T1,1,1.0
Rachid Bettache,M45-49,Bike,2,37.4
Rachid Bettache,M45-49,T2,3,1.0
Rachid Bettache,M45-49,Run,4,12.0
Alexandre Boucher,M30-34,Swim,0,4.0
Alexandre Boucher,M30-34,T1,1,1.0
Alexandre Boucher,M30-34,Bike,2,37.1
Alexandre Boucher,M30-34,T2,3,1.0
Alexandre Boucher,M30-34,Run,4,14.8
Rob Marshall,M45-49,Swim,0,3.3
Rob Marshall,M45-49,T1,1,1.0
Rob Marshall,M45-49,Bike,2,35.9
Rob Marshall,M45-49,T2,3,1.0
Rob Marshall,M45-49,Run,4,13.4
Olivier Vancraeynest,M40-44,Swim,0,3.1
Olivier Vancraeynest,M40-44,T1,1,1.0
Olivier Vancraeynest,M40-44,Bike,2,39.4
Olivier Vancraeynest,M40-44,T2,3,1.0
Olivier Vancraeynest,M40-44,Run,4,12.9
David Benard,M45-49,Swim,0,3.9
David Benard,M45-49,T1,1,1.0
David Benard,M45-49,Bike,2,37.0
David Benard,M45-49,T2,3,1.0
David Benard,M45-49,Run,4,12.0
Frederick Chevalier,M55-59,Swim,0,3.3
Frederick Chevalier,M55-59,T1,1,1.0
Frederick Chevalier,M55-59,Bike,2,36.3
Frederick Chevalier,M55-59,T2,3,1.0
Frederick Chevalier,M55-59,Run,4,11.3
Yassine Bennis,M40-44,Swim,0,3.9
Yassine Bennis,M40-44,T1,1,1.0
Yassine Bennis,M40-44,Bike,2,35.7
Yassine Bennis,M40-44,T2,3,1.0
Yassine Bennis,M40-44,Run,4,13.7
Hicham Sadiqui,M40-44,Swim,0,3.1
Hicham Sadiqui,M40-44,T1,1,1.0
Hicham Sadiqui,M40-44,Bike,2,38.0
Hicham Sadiqui,M40-44,T2,3,1.0
Hicham Sadiqui,M40-44,Run,4,13.9
Michaël Bruneau,M50-54,Swim,0,3.4
Michaël Bruneau,M50-54,T1,1,1.0
Michaël Bruneau,M50-54,Bike,2,36.2
Michaël Bruneau,M50-54,T2,3,1.0
Michaël Bruneau,M50-54,Run,4,12.3
El Mehdi El Idrissi,M50-54,Swim,0,3.0
El Mehdi El Idrissi,M50-54,T1,1,1.0
El Mehdi El Idrissi,M50-54,Bike,2,36.5
El Mehdi El Idrissi,M50-54,T2,3,1.0
El Mehdi El Idrissi,M50-54,Run,4,13.0
Erik Saey,M30-34,Swim,0,3.5
Erik Saey,M30-34,T1,1,1.0
Erik Saey,M30-34,Bike,2,37.5
Erik Saey,M30-34,T2,3,1.0
Erik Saey,M30-34,Run,4,15.1
Elke Dom,F50-54,Swim,0,3.8
Elke Dom,F50-54,T1,1,1.0
Elke Dom,F50-54,Bike,2,35.8
Elke Dom,F50-54,T2,3,1.0
Elke Dom,F50-54,Run,4,12.7
Issam Eddamsiri,M45-49,Swim,0,3.4
Issam Eddamsiri,M45-49,T1,1,1.0
Issam Eddamsiri,M45-49,Bike,2,34.6
Issam Eddamsiri,M45-49,T2,3,1.0
Issam Eddamsiri,M45-49,Run,4,14.2
Lloyd Bärtschi,M25-29,Swim,0,4.1
Lloyd Bärtschi,M25-29,T1,1,1.0
Lloyd Bärtschi,M25-29,Bike,2,39.3
Lloyd Bärtschi,M25-29,T2,3,1.0
Lloyd Bärtschi,M25-29,Run,4,14.0
Cedric Chabaneix,M40-44,Swim,0,3.9
Cedric Chabaneix,M40-44,T1,1,1.0
Cedric Chabaneix,M40-44,Bike,2,37.5
Cedric Chabaneix,M40-44,T2,3,1.0
Cedric Chabaneix,M40-44,Run,4,12.6
Tarek Alioua,M45-49,Swim,0,3.5
Tarek Alioua,M45-49,T1,1,1.0
Tarek Alioua,M45-49,Bike,2,36.1
Tarek Alioua,M45-49,T2,3,1.0
Tarek Alioua,M45-49,Run,4,12.7
nathan castex,M18-24,Swim,0,4.4
nathan castex,M18-24,T1,1,1.0
nathan castex,M18-24,Bike,2,37.6
nathan castex,M18-24,T2,3,1.0
nathan castex,M18-24,Run,4,14.8
Johann Hiebler,M60-64,Swim,0,3.2
Johann Hiebler,M60-64,T1,1,1.0
Johann Hiebler,M60-64,Bike,2,35.0
Johann Hiebler,M60-64,T2,3,1.0
Johann Hiebler,M60-64,Run,4,10.8
Javier Mira,M30-34,Swim,0,4.2
Javier Mira,M30-34,T1,1,1.0
Javier Mira,M30-34,Bike,2,37.3
Javier Mira,M30-34,T2,3,1.0
Javier Mira,M30-34,Run,4,13.9
David Harinck,M55-59,Swim,0,4.0
David Harinck,M55-59,T1,1,1.0
David Harinck,M55-59,Bike,2,37.8
David Harinck,M55-59,T2,3,1.0
David Harinck,M55-59,Run,4,10.2
Vincent Jaud,M50-54,Swim,0,3.4
Vincent Jaud,M50-54,T1,1,1.0
Vincent Jaud,M50-54,Bike,2,36.1
Vincent Jaud,M50-54,T2,3,1.0
Vincent Jaud,M50-54,Run,4,12.6
Sebastian Arndt,M40-44,Swim,0,3.7
Sebastian Arndt,M40-44,T1,1,1.0
Sebastian Arndt,M40-44,Bike,2,36.0
Sebastian Arndt,M40-44,T2,3,1.0
Sebastian Arndt,M40-44,Run,4,13.5
Hicham Oussi,M50-54,Swim,0,3.6
Hicham Oussi,M50-54,T1,1,1.0
Hicham Oussi,M50-54,Bike,2,33.8
Hicham Oussi,M50-54,T2,3,1.0
Hicham Oussi,M50-54,Run,4,13.3
Théo Fernandez,M25-29,Swim,0,3.9
Théo Fernandez,M25-29,T1,1,1.0
Théo Fernandez,M25-29,Bike,2,39.1
Théo Fernandez,M25-29,T2,3,1.0
Théo Fernandez,M25-29,Run,4,14.1
Daurian Garrandes,M25-29,Swim,0,4.1
Daurian Garrandes,M25-29,T1,1,1.0
Daurian Garrandes,M25-29,Bike,2,40.2
Daurian Garrandes,M25-29,T2,3,1.0
Daurian Garrandes,M25-29,Run,4,13.2
Carla Ciaudano,F50-54,Swim,0,3.4
Carla Ciaudano,F50-54,T1,1,1.0
Carla Ciaudano,F50-54,Bike,2,35.7
Carla Ciaudano,F50-54,T2,3,1.0
Carla Ciaudano,F50-54,Run,4,12.8
Taha Laaribi,M35-39,Swim,0,3.3
Taha Laaribi,M35-39,T1,1,1.0
Taha Laaribi,M35-39,Bike,2,37.7
Taha Laaribi,M35-39,T2,3,1.0
Taha Laaribi,M35-39,Run,4,14.0
steven adams,M65-69,Swim,0,3.2
steven adams,M65-69,T1,1,1.0
steven adams,M65-69,Bike,2,31.3
steven adams,M65-69,T2,3,1.0
steven adams,M65-69,Run,4,9.9
Adnan Essayadi,M35-39,Swim,0,3.7
Adnan Essayadi,M35-39,T1,1,1.0
Adnan Essayadi,M35-39,Bike,2,36.0
Adnan Essayadi,M35-39,T2,3,1.0
Adnan Essayadi,M35-39,Run,4,13.8
Mimouni El mehdi,M40-44,Swim,0,3.6
Mimouni El mehdi,M40-44,T1,1,1.0
Mimouni El mehdi,M40-44,Bike,2,35.4
Mimouni El mehdi,M40-44,T2,3,1.0
Mimouni El mehdi,M40-44,Run,4,13.6
Hamza Biyadi,M35-39,Swim,0,3.8
Hamza Biyadi,M35-39,T1,1,1.0
Hamza Biyadi,M35-39,Bike,2,35.8
Hamza Biyadi,M35-39,T2,3,1.0
Hamza Biyadi,M35-39,Run,4,14.0
Stuart Cleworth,M45-49,Swim,0,3.8
Stuart Cleworth,M45-49,T1,1,1.0
Stuart Cleworth,M45-49,Bike,2,35.4
Stuart Cleworth,M45-49,T2,3,1.0
Stuart Cleworth,M45-49,Run,4,12.1
Sébastien Baucher,M40-44,Swim,0,3.2
Sébastien Baucher,M40-44,T1,1,1.0
Sébastien Baucher,M40-44,Bike,2,38.8
Sébastien Baucher,M40-44,T2,3,1.0
Sébastien Baucher,M40-44,Run,4,12.0
Frederic Leblanc,M55-59,Swim,0,3.1
Frederic Leblanc,M55-59,T1,1,1.0
Frederic Leblanc,M55-59,Bike,2,33.6
Frederic Leblanc,M55-59,T2,3,1.0
Frederic Leblanc,M55-59,Run,4,12.0
Guillaume Cerato,M18-24,Swim,0,3.3
Guillaume Cerato,M18-24,T1,1,1.0
Guillaume Cerato,M18-24,Bike,2,38.7
Guillaume Cerato,M18-24,T2,3,1.0
Guillaume Cerato,M18-24,Run,4,14.8
Jose Barea,M45-49,Swim,0,3.3
Jose Barea,M45-49,T1,1,1.0
Jose Barea,M45-49,Bike,2,34.4
Jose Barea,M45-49,T2,3,1.0
Jose Barea,M45-49,Run,4,13.0
Abdennaser Aamar,M35-39,Swim,0,3.5
Abdennaser Aamar,M35-39,T1,1,1.0
Abdennaser Aamar,M35-39,Bike,2,39.0
Abdennaser Aamar,M35-39,T2,3,1.0
Abdennaser Aamar,M35-39,Run,4,12.3
Soheyb Lazrak,M35-39,Swim,0,3.6
Soheyb Lazrak,M35-39,T1,1,1.0
Soheyb Lazrak,M35-39,Bike,2,35.6
Soheyb Lazrak,M35-39,T2,3,1.0
Soheyb Lazrak,M35-39,Run,4,13.9
Willan BASCLE,M18-24,Swim,0,3.8
Willan BASCLE,M18-24,T1,1,1.0
Willan BASCLE,M18-24,Bike,2,38.3
Willan BASCLE,M18-24,T2,3,1.0
Willan BASCLE,M18-24,Run,4,14.2
Manfred Steckel,M70-74,Swim,0,3.3
Manfred Steckel,M70-74,T1,1,1.0
Manfred Steckel,M70-74,Bike,2,29.2
Manfred Steckel,M70-74,T2,3,1.0
Manfred Steckel,M70-74,Run,4,9.1
Sara Bund,F45-49,Swim,0,3.9
Sara Bund,F45-49,T1,1,1.0
Sara Bund,F45-49,Bike,2,34.2
Sara Bund,F45-49,T2,3,1.0
Sara Bund,F45-49,Run,4,13.1
Volker Hemberger,M65-69,Swim,0,2.9
Volker Hemberger,M65-69,T1,1,1.0
Volker Hemberger,M65-69,Bike,2,32.6
Volker Hemberger,M65-69,T2,3,1.0
Volker Hemberger,M65-69,Run,4,9.4
Louis Mejias,M65-69,Swim,0,2.9
Louis Mejias,M65-69,T1,1,1.0
Louis Mejias,M65-69,Bike,2,30.5
Louis Mejias,M65-69,T2,3,1.0
Louis Mejias,M65-69,Run,4,10.2
Yahya LBARNOUSSI,M30-34,Swim,0,3.8
Yahya LBARNOUSSI,M30-34,T1,1,1.0
Yahya LBARNOUSSI,M30-34,Bike,2,35.1
Yahya LBARNOUSSI,M30-34,T2,3,1.0
Yahya LBARNOUSSI,M30-34,Run,4,14.7
MOHAMED EJJAHED,M25-29,Swim,0,4.5
MOHAMED EJJAHED,M25-29,T1,1,1.0
MOHAMED EJJAHED,M25-29,Bike,2,35.8
MOHAMED EJJAHED,M25-29,T2,3,1.0
MOHAMED EJJAHED,M25-29,Run,4,14.7
Ioana Osa Larruzea,F45-49,Swim,0,3.9
Ioana Osa Larruzea,F45-49,T1,1,1.0
Ioana Osa Larruzea,F45-49,Bike,2,34.5
Ioana Osa Larruzea,F45-49,T2,3,1.0
Ioana Osa Larruzea,F45-49,Run,4,12.7
Charlie Meraud,M30-34,Swim,0,3.4
Charlie Meraud,M30-34,T1,1,1.0
Charlie Meraud,M30-34,Bike,2,36.3
Charlie Meraud,M30-34,T2,3,1.0
Charlie Meraud,M30-34,Run,4,14.3
Thomas Chabert,M40-44,Swim,0,3.8
Thomas Chabert,M40-44,T1,1,1.0
Thomas Chabert,M40-44,Bike,2,37.8
Thomas Chabert,M40-44,T2,3,1.0
Thomas Chabert,M40-44,Run,4,11.3
Breiffne O Donnell,M40-44,Swim,0,3.6
Breiffne O Donnell,M40-44,T1,1,1.0
Breiffne O Donnell,M40-44,Bike,2,35.9
Breiffne O Donnell,M40-44,T2,3,1.0
Breiffne O Donnell,M40-44,Run,4,12.5
Rachid Fekhkhar,M45-49,Swim,0,3.3
Rachid Fekhkhar,M45-49,T1,1,1.0
Rachid Fekhkhar,M45-49,Bike,2,35.6
Rachid Fekhkhar,M45-49,T2,3,1.0
Rachid Fekhkhar,M45-49,Run,4,12.4
Marc Hoenmann,M40-44,Swim,0,3.9
Marc Hoenmann,M40-44,T1,1,1.0
Marc Hoenmann,M40-44,Bike,2,35.7
Marc Hoenmann,M40-44,T2,3,1.0
Marc Hoenmann,M40-44,Run,4,12.2
Hakim Loudghiri,M40-44,Swim,0,3.6
Hakim Loudghiri,M40-44,T1,1,1.0
Hakim Loudghiri,M40-44,Bike,2,34.5
Hakim Loudghiri,M40-44,T2,3,1.0
Hakim Loudghiri,M40-44,Run,4,13.4
Mike Möbius,M60-64,Swim,0,3.1
Mike Möbius,M60-64,T1,1,1.0
Mike Möbius,M60-64,Bike,2,33.9
Mike Möbius,M60-64,T2,3,1.0
Mike Möbius,M60-64,Run,4,10.2
Xavier Comte,M60-64,Swim,0,3.4
Xavier Comte,M60-64,T1,1,1.0
Xavier Comte,M60-64,Bike,2,32.4
Xavier Comte,M60-64,T2,3,1.0
Xavier Comte,M60-64,Run,4,10.4
Miguel Vidal Hernández,M25-29,Swim,0,3.7
Miguel Vidal Hernández,M25-29,T1,1,1.0
Miguel Vidal Hernández,M25-29,Bike,2,37.2
Miguel Vidal Hernández,M25-29,T2,3,1.0
Miguel Vidal Hernández,M25-29,Run,4,14.2
Adrian Bezzina,M50-54,Swim,0,3.0
Adrian Bezzina,M50-54,T1,1,1.0
Adrian Bezzina,M50-54,Bike,2,32.9
Adrian Bezzina,M50-54,T2,3,1.0
Adrian Bezzina,M50-54,Run,4,13.3
Ricardo Aguilar Laudo,M50-54,Swim,0,3.8
Ricardo Aguilar Laudo,M50-54,T1,1,1.0
Ricardo Aguilar Laudo,M50-54,Bike,2,35.2
Ricardo Aguilar Laudo,M50-54,T2,3,1.0
Ricardo Aguilar Laudo,M50-54,Run,4,11.1
Florian Nadal,M45-49,Swim,0,3.4
Florian Nadal,M45-49,T1,1,1.0
Florian Nadal,M45-49,Bike,2,33.7
Florian Nadal,M45-49,T2,3,1.0
Florian Nadal,M45-49,Run,4,12.7
Khalid Sqalli,M60-64,Swim,0,3.4
Khalid Sqalli,M60-64,T1,1,1.0
Khalid Sqalli,M60-64,Bike,2,33.2
Khalid Sqalli,M60-64,T2,3,1.0
Khalid Sqalli,M60-64,Run,4,10.3
Martin Moege,M45-49,Swim,0,3.1
Martin Moege,M45-49,T1,1,1.0
Martin Moege,M45-49,Bike,2,36.1
Martin Moege,M45-49,T2,3,1.0
Martin Moege,M45-49,Run,4,11.6
Victor Faranton,M18-24,Swim,0,3.8
Victor Faranton,M18-24,T1,1,1.0
Victor Faranton,M18-24,Bike,2,37.7
Victor Faranton,M18-24,T2,3,1.0
Victor Faranton,M18-24,Run,4,13.7
Adil Keddouri,M50-54,Swim,0,3.0
Adil Keddouri,M50-54,T1,1,1.0
Adil Keddouri,M50-54,Bike,2,34.1
Adil Keddouri,M50-54,T2,3,1.0
Adil Keddouri,M50-54,Run,4,12.3
Miguel Ángel Callejas Moreno,M30-34,Swim,0,3.8
Miguel Ángel Callejas Moreno,M30-34,T1,1,1.0
Miguel Ángel Callejas Moreno,M30-34,Bike,2,36.1
Miguel Ángel Callejas Moreno,M30-34,T2,3,1.0
Miguel Ángel Callejas Moreno,M30-34,Run,4,13.5
Tom De Coster,M45-49,Swim,0,3.7
Tom De Coster,M45-49,T1,1,1.0
Tom De Coster,M45-49,Bike,2,35.4
Tom De Coster,M45-49,T2,3,1.0
Tom De Coster,M45-49,Run,4,11.2
Mario Muscat,M45-49,Swim,0,3.4
Mario Muscat,M45-49,T1,1,1.0
Mario Muscat,M45-49,Bike,2,34.0
Mario Muscat,M45-49,T2,3,1.0
Mario Muscat,M45-49,Run,4,12.0
Mohammed Labrini,M40-44,Swim,0,3.6
Mohammed Labrini,M40-44,T1,1,1.0
Mohammed Labrini,M40-44,Bike,2,35.1
Mohammed Labrini,M40-44,T2,3,1.0
Mohammed Labrini,M40-44,Run,4,12.6
Christophe Clequin,M50-54,Swim,0,3.8
Christophe Clequin,M50-54,T1,1,1.0
Christophe Clequin,M50-54,Bike,2,33.2
Christophe Clequin,M50-54,T2,3,1.0
Christophe Clequin,M50-54,Run,4,11.6
youness ELOUATANi,M40-44,Swim,0,3.3
youness ELOUATANi,M40-44,T1,1,1.0
youness ELOUATANi,M40-44,Bike,2,34.0
youness ELOUATANi,M40-44,T2,3,1.0
youness ELOUATANi,M40-44,Run,4,13.3
Stephen Lopez,M40-44,Swim,0,3.2
Stephen Lopez,M40-44,T1,1,1.0
Stephen Lopez,M40-44,Bike,2,37.1
Stephen Lopez,M40-44,T2,3,1.0
Stephen Lopez,M40-44,Run,4,11.8
Oscar Hernández Quintanar,M18-24,Swim,0,3.8
Oscar Hernández Quintanar,M18-24,T1,1,1.0
Oscar Hernández Quintanar,M18-24,Bike,2,39.0
Oscar Hernández Quintanar,M18-24,T2,3,1.0
Oscar Hernández Quintanar,M18-24,Run,4,12.6
Camille Signorino,M40-44,Swim,0,3.5
Camille Signorino,M40-44,T1,1,1.0
Camille Signorino,M40-44,Bike,2,33.9
Camille Signorino,M40-44,T2,3,1.0
Camille Signorino,M40-44,Run,4,12.8
Marouane Mriss,M40-44,Swim,0,2.8
Marouane Mriss,M40-44,T1,1,1.0
Marouane Mriss,M40-44,Bike,2,34.6
Marouane Mriss,M40-44,T2,3,1.0
Marouane Mriss,M40-44,Run,4,14.1
Karim Samih,M35-39,Swim,0,3.7
Karim Samih,M35-39,T1,1,1.0
Karim Samih,M35-39,Bike,2,34.1
Karim Samih,M35-39,T2,3,1.0
Karim Samih,M35-39,Run,4,13.4
Ali Moutaoukil,M35-39,Swim,0,2.9
Ali Moutaoukil,M35-39,T1,1,1.0
Ali Moutaoukil,M35-39,Bike,2,36.4
Ali Moutaoukil,M35-39,T2,3,1.0
Ali Moutaoukil,M35-39,Run,4,13.7
Elia Kuhnreich,M30-34,Swim,0,3.9
Elia Kuhnreich,M30-34,T1,1,1.0
Elia Kuhnreich,M30-34,Bike,2,35.4
Elia Kuhnreich,M30-34,T2,3,1.0
Elia Kuhnreich,M30-34,Run,4,13.2
Fehd Bouab,M40-44,Swim,0,3.6
Fehd Bouab,M40-44,T1,1,1.0
Fehd Bouab,M40-44,Bike,2,34.9
Fehd Bouab,M40-44,T2,3,1.0
Fehd Bouab,M40-44,Run,4,12.0
Amine Talbi,M40-44,Swim,0,3.5
Amine Talbi,M40-44,T1,1,1.0
Amine Talbi,M40-44,Bike,2,34.8
Amine Talbi,M40-44,T2,3,1.0
Amine Talbi,M40-44,Run,4,12.4
Juan Callejas Moreno,M35-39,Swim,0,3.5
Juan Callejas Moreno,M35-39,T1,1,1.0
Juan Callejas Moreno,M35-39,Bike,2,36.0
Juan Callejas Moreno,M35-39,T2,3,1.0
Juan Callejas Moreno,M35-39,Run,4,12.8
Driss Taifour,M40-44,Swim,0,3.3
Driss Taifour,M40-44,T1,1,1.0
Driss Taifour,M40-44,Bike,2,34.0
Driss Taifour,M40-44,T2,3,1.0
Driss Taifour,M40-44,Run,4,13.1
Didier Carrieu,M55-59,Swim,0,3.8
Didier Carrieu,M55-59,T1,1,1.0
Didier Carrieu,M55-59,Bike,2,34.6
Didier Carrieu,M55-59,T2,3,1.0
Didier Carrieu,M55-59,Run,4,9.8
Jakub Atarsia,M35-39,Swim,0,4.0
Jakub Atarsia,M35-39,T1,1,1.0
Jakub Atarsia,M35-39,Bike,2,35.2
Jakub Atarsia,M35-39,T2,3,1.0
Jakub Atarsia,M35-39,Run,4,12.4
hamdouch hassna,F45-49,Swim,0,3.0
hamdouch hassna,F45-49,T1,1,1.0
hamdouch hassna,F45-49,Bike,2,32.7
hamdouch hassna,F45-49,T2,3,1.0
hamdouch hassna,F45-49,Run,4,13.5
Chihab-Eddine Haoussi,M30-34,Swim,0,3.2
Chihab-Eddine Haoussi,M30-34,T1,1,1.0
Chihab-Eddine Haoussi,M30-34,Bike,2,33.6
Chihab-Eddine Haoussi,M30-34,T2,3,1.0
Chihab-Eddine Haoussi,M30-34,Run,4,14.7
Angelika Halberstadt,F55-59,Swim,0,3.7
Angelika Halberstadt,F55-59,T1,1,1.0
Angelika Halberstadt,F55-59,Bike,2,32.1
Angelika Halberstadt,F55-59,T2,3,1.0
Angelika Halberstadt,F55-59,Run,4,11.1
Rida Benzaouia,M30-34,Swim,0,2.7
Rida Benzaouia,M30-34,T1,1,1.0
Rida Benzaouia,M30-34,Bike,2,34.9
Rida Benzaouia,M30-34,T2,3,1.0
Rida Benzaouia,M30-34,Run,4,14.6
Loutaoui Moussa,M40-44,Swim,0,3.3
Loutaoui Moussa,M40-44,T1,1,1.0
Loutaoui Moussa,M40-44,Bike,2,35.5
Loutaoui Moussa,M40-44,T2,3,1.0
Loutaoui Moussa,M40-44,Run,4,11.8
Arthur Barbey,M30-34,Swim,0,3.1
Arthur Barbey,M30-34,T1,1,1.0
Arthur Barbey,M30-34,Bike,2,33.9
Arthur Barbey,M30-34,T2,3,1.0
Arthur Barbey,M30-34,Run,4,14.6
Fleur Nadal,F40-44,Swim,0,3.3
Fleur Nadal,F40-44,T1,1,1.0
Fleur Nadal,F40-44,Bike,2,33.7
Fleur Nadal,F40-44,T2,3,1.0
Fleur Nadal,F40-44,Run,4,13.0
Sébastien Lagoutte,M50-54,Swim,0,4.0
Sébastien Lagoutte,M50-54,T1,1,1.0
Sébastien Lagoutte,M50-54,Bike,2,35.7
Sébastien Lagoutte,M50-54,T2,3,1.0
Sébastien Lagoutte,M50-54,Run,4,9.6
El Mahdi Maarouf,M45-49,Swim,0,4.0
El Mahdi Maarouf,M45-49,T1,1,1.0
El Mahdi Maarouf,M45-49,Bike,2,33.8
El Mahdi Maarouf,M45-49,T2,3,1.0
El Mahdi Maarouf,M45-49,Run,4,10.8
Mohamed Mettiji,M40-44,Swim,0,4.5
Mohamed Mettiji,M40-44,T1,1,1.0
Mohamed Mettiji,M40-44,Bike,2,33.9
Mohamed Mettiji,M40-44,T2,3,1.0
Mohamed Mettiji,M40-44,Run,4,11.4
Oussama EL MAJIDI,M35-39,Swim,0,3.5
Oussama EL MAJIDI,M35-39,T1,1,1.0
Oussama EL MAJIDI,M35-39,Bike,2,35.3
Oussama EL MAJIDI,M35-39,T2,3,1.0
Oussama EL MAJIDI,M35-39,Run,4,12.3
Martin Staiger,M45-49,Swim,0,3.4
Martin Staiger,M45-49,T1,1,1.0
Martin Staiger,M45-49,Bike,2,35.1
Martin Staiger,M45-49,T2,3,1.0
Martin Staiger,M45-49,Run,4,10.7
Omar Serhane,M40-44,Swim,0,2.9
Omar Serhane,M40-44,T1,1,1.0
Omar Serhane,M40-44,Bike,2,35.0
Omar Serhane,M40-44,T2,3,1.0
Omar Serhane,M40-44,Run,4,12.3
Diego Lazcano Saez,M45-49,Swim,0,3.8
Diego Lazcano Saez,M45-49,T1,1,1.0
Diego Lazcano Saez,M45-49,Bike,2,35.3
Diego Lazcano Saez,M45-49,T2,3,1.0
Diego Lazcano Saez,M45-49,Run,4,10.4
Brahim Kaffaz,M55-59,Swim,0,3.1
Brahim Kaffaz,M55-59,T1,1,1.0
Brahim Kaffaz,M55-59,Bike,2,32.1
Brahim Kaffaz,M55-59,T2,3,1.0
Brahim Kaffaz,M55-59,Run,4,11.0
Dani Ortigosa Claveria,M30-34,Swim,0,3.8
Dani Ortigosa Claveria,M30-34,T1,1,1.0
Dani Ortigosa Claveria,M30-34,Bike,2,34.8
Dani Ortigosa Claveria,M30-34,T2,3,1.0
Dani Ortigosa Claveria,M30-34,Run,4,13.0
CHAKIB KHASMANE,M40-44,Swim,0,2.7
CHAKIB KHASMANE,M40-44,T1,1,1.0
CHAKIB KHASMANE,M40-44,Bike,2,34.5
CHAKIB KHASMANE,M40-44,T2,3,1.0
CHAKIB KHASMANE,M40-44,Run,4,12.8
Abderrahim Elmekkaouy,M40-44,Swim,0,2.8
Abderrahim Elmekkaouy,M40-44,T1,1,1.0
Abderrahim Elmekkaouy,M40-44,Bike,2,34.1
Abderrahim Elmekkaouy,M40-44,T2,3,1.0
Abderrahim Elmekkaouy,M40-44,Run,4,13.0
Vanessa Vidal,F50-54,Swim,0,3.5
Vanessa Vidal,F50-54,T1,1,1.0
Vanessa Vidal,F50-54,Bike,2,33.8
Vanessa Vidal,F50-54,T2,3,1.0
Vanessa Vidal,F50-54,Run,4,10.8
Chris Murray,M50-54,Swim,0,3.2
Chris Murray,M50-54,T1,1,1.0
Chris Murray,M50-54,Bike,2,34.1
Chris Murray,M50-54,T2,3,1.0
Chris Murray,M50-54,Run,4,10.7
othmane moustarihe,M25-29,Swim,0,3.4
othmane moustarihe,M25-29,T1,1,1.0
othmane moustarihe,M25-29,Bike,2,34.5
othmane moustarihe,M25-29,T2,3,1.0
othmane moustarihe,M25-29,Run,4,14.0
Martin Hummer,M55-59,Swim,0,3.5
Martin Hummer,M55-59,T1,1,1.0
Martin Hummer,M55-59,Bike,2,31.7
Martin Hummer,M55-59,T2,3,1.0
Martin Hummer,M55-59,Run,4,10.6
Pierre Jean Rembert,M50-54,Swim,0,3.7
Pierre Jean Rembert,M50-54,T1,1,1.0
Pierre Jean Rembert,M50-54,Bike,2,34.0
Pierre Jean Rembert,M50-54,T2,3,1.0
Pierre Jean Rembert,M50-54,Run,4,10.0
Abdelaali Beyelhadj,M40-44,Swim,0,3.3
Abdelaali Beyelhadj,M40-44,T1,1,1.0
Abdelaali Beyelhadj,M40-44,Bike,2,34.2
Abdelaali Beyelhadj,M40-44,T2,3,1.0
Abdelaali Beyelhadj,M40-44,Run,4,12.0
Perrine Olivier,F40-44,Swim,0,3.3
Perrine Olivier,F40-44,T1,1,1.0
Perrine Olivier,F40-44,Bike,2,34.2
Perrine Olivier,F40-44,T2,3,1.0
Perrine Olivier,F40-44,Run,4,12.3
AHMED ELAAZZI,M40-44,Swim,0,3.6
AHMED ELAAZZI,M40-44,T1,1,1.0
AHMED ELAAZZI,M40-44,Bike,2,32.6
AHMED ELAAZZI,M40-44,T2,3,1.0
AHMED ELAAZZI,M40-44,Run,4,12.3
Jules Rey,M18-24,Swim,0,3.7
Jules Rey,M18-24,T1,1,1.0
Jules Rey,M18-24,Bike,2,38.0
Jules Rey,M18-24,T2,3,1.0
Jules Rey,M18-24,Run,4,11.9
Anass Jarane,M35-39,Swim,0,3.2
Anass Jarane,M35-39,T1,1,1.0
Anass Jarane,M35-39,Bike,2,32.6
Anass Jarane,M35-39,T2,3,1.0
Anass Jarane,M35-39,Run,4,13.6
Guillaume Toumasou,M35-39,Swim,0,3.7
Guillaume Toumasou,M35-39,T1,1,1.0
Guillaume Toumasou,M35-39,Bike,2,34.1
Guillaume Toumasou,M35-39,T2,3,1.0
Guillaume Toumasou,M35-39,Run,4,12.1
EJEGHAOUI HAMZA,M35-39,Swim,0,4.0
EJEGHAOUI HAMZA,M35-39,T1,1,1.0
EJEGHAOUI HAMZA,M35-39,Bike,2,33.2
EJEGHAOUI HAMZA,M35-39,T2,3,1.0
EJEGHAOUI HAMZA,M35-39,Run,4,12.0
Mehdi Idrissi Qaitouni,M40-44,Swim,0,2.7
Mehdi Idrissi Qaitouni,M40-44,T1,1,1.0
Mehdi Idrissi Qaitouni,M40-44,Bike,2,34.9
Mehdi Idrissi Qaitouni,M40-44,T2,3,1.0
Mehdi Idrissi Qaitouni,M40-44,Run,4,12.3
Ophélie Decouvreur,F30-34,Swim,0,3.5
Ophélie Decouvreur,F30-34,T1,1,1.0
Ophélie Decouvreur,F30-34,Bike,2,35.4
Ophélie Decouvreur,F30-34,T2,3,1.0
Ophélie Decouvreur,F30-34,Run,4,12.8
Samir Errachidi,M45-49,Swim,0,3.0
Samir Errachidi,M45-49,T1,1,1.0
Samir Errachidi,M45-49,Bike,2,34.8
Samir Errachidi,M45-49,T2,3,1.0
Samir Errachidi,M45-49,Run,4,10.7
FAHD GNAOUI,M30-34,Swim,0,3.4
FAHD GNAOUI,M30-34,T1,1,1.0
FAHD GNAOUI,M30-34,Bike,2,33.7
FAHD GNAOUI,M30-34,T2,3,1.0
FAHD GNAOUI,M30-34,Run,4,13.0
Michaela Wolf,F45-49,Swim,0,3.0
Michaela Wolf,F45-49,T1,1,1.0
Michaela Wolf,F45-49,Bike,2,33.3
Michaela Wolf,F45-49,T2,3,1.0
Michaela Wolf,F45-49,Run,4,11.9
Abdelali ECH CHAOUI,M35-39,Swim,0,2.8
Abdelali ECH CHAOUI,M35-39,T1,1,1.0
Abdelali ECH CHAOUI,M35-39,Bike,2,33.2
Abdelali ECH CHAOUI,M35-39,T2,3,1.0
Abdelali ECH CHAOUI,M35-39,Run,4,13.7
Norbert Schiewe,M65-69,Swim,0,3.0
Norbert Schiewe,M65-69,T1,1,1.0
Norbert Schiewe,M65-69,Bike,2,29.7
Norbert Schiewe,M65-69,T2,3,1.0
Norbert Schiewe,M65-69,Run,4,8.5
André Widmer,M55-59,Swim,0,3.2
André Widmer,M55-59,T1,1,1.0
André Widmer,M55-59,Bike,2,33.0
André Widmer,M55-59,T2,3,1.0
André Widmer,M55-59,Run,4,9.7
Mustapha Benrhamous,M50-54,Swim,0,3.0
Mustapha Benrhamous,M50-54,T1,1,1.0
Mustapha Benrhamous,M50-54,Bike,2,33.2
Mustapha Benrhamous,M50-54,T2,3,1.0
Mustapha Benrhamous,M50-54,Run,4,10.8
Branislav Kusik,M50-54,Swim,0,3.4
Branislav Kusik,M50-54,T1,1,1.0
Branislav Kusik,M50-54,Bike,2,33.7
Branislav Kusik,M50-54,T2,3,1.0
Branislav Kusik,M50-54,Run,4,10.1
Yannick Boissy,M45-49,Swim,0,3.5
Yannick Boissy,M45-49,T1,1,1.0
Yannick Boissy,M45-49,Bike,2,34.9
Yannick Boissy,M45-49,T2,3,1.0
Yannick Boissy,M45-49,Run,4,9.9
Carla Porcu,F50-54,Swim,0,3.8
Carla Porcu,F50-54,T1,1,1.0
Carla Porcu,F50-54,Bike,2,31.6
Carla Porcu,F50-54,T2,3,1.0
Carla Porcu,F50-54,Run,4,11.1
Mohamed Elkhou,M40-44,Swim,0,3.3
Mohamed Elkhou,M40-44,T1,1,1.0
Mohamed Elkhou,M40-44,Bike,2,33.2
Mohamed Elkhou,M40-44,T2,3,1.0
Mohamed Elkhou,M40-44,Run,4,12.1
Jerome Reboul,M50-54,Swim,0,3.2
Jerome Reboul,M50-54,T1,1,1.0
Jerome Reboul,M50-54,Bike,2,30.1
Jerome Reboul,M50-54,T2,3,1.0
Jerome Reboul,M50-54,Run,4,12.6
Charif El Maifi,M45-49,Swim,0,3.2
Charif El Maifi,M45-49,T1,1,1.0
Charif El Maifi,M45-49,Bike,2,33.5
Charif El Maifi,M45-49,T2,3,1.0
Charif El Maifi,M45-49,Run,4,10.5
reda salih,M30-34,Swim,0,3.1
reda salih,M30-34,T1,1,1.0
reda salih,M30-34,Bike,2,32.9
reda salih,M30-34,T2,3,1.0
reda salih,M30-34,Run,4,13.8
SYLVAIN BERGERON,M45-49,Swim,0,2.7
SYLVAIN BERGERON,M45-49,T1,1,1.0
SYLVAIN BERGERON,M45-49,Bike,2,32.5
SYLVAIN BERGERON,M45-49,T2,3,1.0
SYLVAIN BERGERON,M45-49,Run,4,11.6
Salim El Kateb,M40-44,Swim,0,3.3
Salim El Kateb,M40-44,T1,1,1.0
Salim El Kateb,M40-44,Bike,2,31.4
Salim El Kateb,M40-44,T2,3,1.0
Salim El Kateb,M40-44,Run,4,12.4
Cédric LOMBARD,M35-39,Swim,0,3.0
Cédric LOMBARD,M35-39,T1,1,1.0
Cédric LOMBARD,M35-39,Bike,2,33.2
Cédric LOMBARD,M35-39,T2,3,1.0
Cédric LOMBARD,M35-39,Run,4,12.6
Hicham El Mejdoubi,M40-44,Swim,0,2.7
Hicham El Mejdoubi,M40-44,T1,1,1.0
Hicham El Mejdoubi,M40-44,Bike,2,33.9
Hicham El Mejdoubi,M40-44,T2,3,1.0
Hicham El Mejdoubi,M40-44,Run,4,11.7
Mohammed Bourhim,M40-44,Swim,0,3.3
Mohammed Bourhim,M40-44,T1,1,1.0
Mohammed Bourhim,M40-44,Bike,2,33.4
Mohammed Bourhim,M40-44,T2,3,1.0
Mohammed Bourhim,M40-44,Run,4,11.2
Lucie Salle,F45-49,Swim,0,3.1
Lucie Salle,F45-49,T1,1,1.0
Lucie Salle,F45-49,Bike,2,33.0
Lucie Salle,F45-49,T2,3,1.0
Lucie Salle,F45-49,Run,4,11.2
Mouad Bakanech,M40-44,Swim,0,3.3
Mouad Bakanech,M40-44,T1,1,1.0
Mouad Bakanech,M40-44,Bike,2,33.7
Mouad Bakanech,M40-44,T2,3,1.0
Mouad Bakanech,M40-44,Run,4,10.8
Oleksandr Korchagin,M35-39,Swim,0,2.7
Oleksandr Korchagin,M35-39,T1,1,1.0
Oleksandr Korchagin,M35-39,Bike,2,34.3
Oleksandr Korchagin,M35-39,T2,3,1.0
Oleksandr Korchagin,M35-39,Run,4,11.9
Youssef Naimi,M35-39,Swim,0,2.6
Youssef Naimi,M35-39,T1,1,1.0
Youssef Naimi,M35-39,Bike,2,35.3
Youssef Naimi,M35-39,T2,3,1.0
Youssef Naimi,M35-39,Run,4,12.4
Rachid El Hadi,M35-39,Swim,0,2.7
Rachid El Hadi,M35-39,T1,1,1.0
Rachid El Hadi,M35-39,Bike,2,33.1
Rachid El Hadi,M35-39,T2,3,1.0
Rachid El Hadi,M35-39,Run,4,13.4
Ahmed Errahili,M45-49,Swim,0,2.5
Ahmed Errahili,M45-49,T1,1,1.0
Ahmed Errahili,M45-49,Bike,2,35.0
Ahmed Errahili,M45-49,T2,3,1.0
Ahmed Errahili,M45-49,Run,4,10.7
Taoufik Argui,M45-49,Swim,0,3.1
Taoufik Argui,M45-49,T1,1,1.0
Taoufik Argui,M45-49,Bike,2,31.1
Taoufik Argui,M45-49,T2,3,1.0
Taoufik Argui,M45-49,Run,4,11.3
Mounir Akhatar,M40-44,Swim,0,3.8
Mounir Akhatar,M40-44,T1,1,1.0
Mounir Akhatar,M40-44,Bike,2,32.2
Mounir Akhatar,M40-44,T2,3,1.0
Mounir Akhatar,M40-44,Run,4,10.9
Mandour Younes,M40-44,Swim,0,3.2
Mandour Younes,M40-44,T1,1,1.0
Mandour Younes,M40-44,Bike,2,33.8
Mandour Younes,M40-44,T2,3,1.0
Mandour Younes,M40-44,Run,4,10.7
najib smali,M50-54,Swim,0,3.4
najib smali,M50-54,T1,1,1.0
najib smali,M50-54,Bike,2,30.6
najib smali,M50-54,T2,3,1.0
najib smali,M50-54,Run,4,10.8
Sergey Pavlyuchenko,M40-44,Swim,0,3.0
Sergey Pavlyuchenko,M40-44,T1,1,1.0
Sergey Pavlyuchenko,M40-44,Bike,2,33.7
Sergey Pavlyuchenko,M40-44,T2,3,1.0
Sergey Pavlyuchenko,M40-44,Run,4,11.0
Saad Lozzi,M25-29,Swim,0,3.0
Saad Lozzi,M25-29,T1,1,1.0
Saad Lozzi,M25-29,Bike,2,35.0
Saad Lozzi,M25-29,T2,3,1.0
Saad Lozzi,M25-29,Run,4,12.8
Yassine El Amrani,M35-39,Swim,0,2.8
Yassine El Amrani,M35-39,T1,1,1.0
Yassine El Amrani,M35-39,Bike,2,32.4
Yassine El Amrani,M35-39,T2,3,1.0
Yassine El Amrani,M35-39,Run,4,12.9
YOUSSEF AMENZIZ,M45-49,Swim,0,3.2
YOUSSEF AMENZIZ,M45-49,T1,1,1.0
YOUSSEF AMENZIZ,M45-49,Bike,2,34.4
YOUSSEF AMENZIZ,M45-49,T2,3,1.0
YOUSSEF AMENZIZ,M45-49,Run,4,9.6
HMINA SAAD,M40-44,Swim,0,3.3
HMINA SAAD,M40-44,T1,1,1.0
HMINA SAAD,M40-44,Bike,2,30.5
HMINA SAAD,M40-44,T2,3,1.0
HMINA SAAD,M40-44,Run,4,12.2
John Easum,M60-64,Swim,0,3.5
John Easum,M60-64,T1,1,1.0
John Easum,M60-64,Bike,2,30.2
John Easum,M60-64,T2,3,1.0
John Easum,M60-64,Run,4,9.0
Hossein Laraki,M40-44,Swim,0,3.3
Hossein Laraki,M40-44,T1,1,1.0
Hossein Laraki,M40-44,Bike,2,33.1
Hossein Laraki,M40-44,T2,3,1.0
Hossein Laraki,M40-44,Run,4,10.9
Stephane Orsonneau,M55-59,Swim,0,3.0
Stephane Orsonneau,M55-59,T1,1,1.0
Stephane Orsonneau,M55-59,Bike,2,32.2
Stephane Orsonneau,M55-59,T2,3,1.0
Stephane Orsonneau,M55-59,Run,4,9.4
Javier Cuadrado Lopez,M35-39,Swim,0,3.1
Javier Cuadrado Lopez,M35-39,T1,1,1.0
Javier Cuadrado Lopez,M35-39,Bike,2,32.4
Javier Cuadrado Lopez,M35-39,T2,3,1.0
Javier Cuadrado Lopez,M35-39,Run,4,12.3
Ayoub ahlafi,M30-34,Swim,0,3.2
Ayoub ahlafi,M30-34,T1,1,1.0
Ayoub ahlafi,M30-34,Bike,2,32.6
Ayoub ahlafi,M30-34,T2,3,1.0
Ayoub ahlafi,M30-34,Run,4,12.5
Fouad Okba,M55-59,Swim,0,3.1
Fouad Okba,M55-59,T1,1,1.0
Fouad Okba,M55-59,Bike,2,31.9
Fouad Okba,M55-59,T2,3,1.0
Fouad Okba,M55-59,Run,4,9.4
Marwane Benakki,M25-29,Swim,0,3.1
Marwane Benakki,M25-29,T1,1,1.0
Marwane Benakki,M25-29,Bike,2,32.8
Marwane Benakki,M25-29,T2,3,1.0
Marwane Benakki,M25-29,Run,4,13.7
Bouchaib Tabit,M45-49,Swim,0,3.1
Bouchaib Tabit,M45-49,T1,1,1.0
Bouchaib Tabit,M45-49,Bike,2,31.4
Bouchaib Tabit,M45-49,T2,3,1.0
Bouchaib Tabit,M45-49,Run,4,11.0
Albos Valerie,F55-59,Swim,0,2.4
Albos Valerie,F55-59,T1,1,1.0
Albos Valerie,F55-59,Bike,2,31.3
Albos Valerie,F55-59,T2,3,1.0
Albos Valerie,F55-59,Run,4,10.9
El mehdi El fakir,M30-34,Swim,0,3.0
El mehdi El fakir,M30-34,T1,1,1.0
El mehdi El fakir,M30-34,Bike,2,32.7
El mehdi El fakir,M30-34,T2,3,1.0
El mehdi El fakir,M30-34,Run,4,12.4
Mark Lingard,M60-64,Swim,0,3.0
Mark Lingard,M60-64,T1,1,1.0
Mark Lingard,M60-64,Bike,2,32.0
Mark Lingard,M60-64,T2,3,1.0
Mark Lingard,M60-64,Run,4,8.4
Mohamed Amine Diki,M35-39,Swim,0,2.9
Mohamed Amine Diki,M35-39,T1,1,1.0
Mohamed Amine Diki,M35-39,Bike,2,34.6
Mohamed Amine Diki,M35-39,T2,3,1.0
Mohamed Amine Diki,M35-39,Run,4,11.2
Abdelylah Tounsi,M40-44,Swim,0,3.0
Abdelylah Tounsi,M40-44,T1,1,1.0
Abdelylah Tounsi,M40-44,Bike,2,31.8
Abdelylah Tounsi,M40-44,T2,3,1.0
Abdelylah Tounsi,M40-44,Run,4,11.4
Sultan Alkholaifi,M30-34,Swim,0,3.1
Sultan Alkholaifi,M30-34,T1,1,1.0
Sultan Alkholaifi,M30-34,Bike,2,31.8
Sultan Alkholaifi,M30-34,T2,3,1.0
Sultan Alkholaifi,M30-34,Run,4,13.2
Ahmed reda Touzani,M35-39,Swim,0,3.5
Ahmed reda Touzani,M35-39,T1,1,1.0
Ahmed reda Touzani,M35-39,Bike,2,32.6
Ahmed reda Touzani,M35-39,T2,3,1.0
Ahmed reda Touzani,M35-39,Run,4,11.6
Mohamed Hasbaoui,M35-39,Swim,0,2.5
Mohamed Hasbaoui,M35-39,T1,1,1.0
Mohamed Hasbaoui,M35-39,Bike,2,34.1
Mohamed Hasbaoui,M35-39,T2,3,1.0
Mohamed Hasbaoui,M35-39,Run,4,12.0
Tim Bookelman,M40-44,Swim,0,3.3
Tim Bookelman,M40-44,T1,1,1.0
Tim Bookelman,M40-44,Bike,2,34.2
Tim Bookelman,M40-44,T2,3,1.0
Tim Bookelman,M40-44,Run,4,10.1
Patrice Deliers,M55-59,Swim,0,3.1
Patrice Deliers,M55-59,T1,1,1.0
Patrice Deliers,M55-59,Bike,2,31.2
Patrice Deliers,M55-59,T2,3,1.0
Patrice Deliers,M55-59,Run,4,9.6
Sodki Nabil,M18-24,Swim,0,3.3
Sodki Nabil,M18-24,T1,1,1.0
Sodki Nabil,M18-24,Bike,2,32.0
Sodki Nabil,M18-24,T2,3,1.0
Sodki Nabil,M18-24,Run,4,13.7
SOUFIANE KEBDANI,M35-39,Swim,0,3.3
SOUFIANE KEBDANI,M35-39,T1,1,1.0
SOUFIANE KEBDANI,M35-39,Bike,2,33.5
SOUFIANE KEBDANI,M35-39,T2,3,1.0
SOUFIANE KEBDANI,M35-39,Run,4,11.3
Anton Rozhkov,M40-44,Swim,0,3.0
Anton Rozhkov,M40-44,T1,1,1.0
Anton Rozhkov,M40-44,Bike,2,33.2
Anton Rozhkov,M40-44,T2,3,1.0
Anton Rozhkov,M40-44,Run,4,10.7
Omar Tahiri,M40-44,Swim,0,2.8
Omar Tahiri,M40-44,T1,1,1.0
Omar Tahiri,M40-44,Bike,2,30.5
Omar Tahiri,M40-44,T2,3,1.0
Omar Tahiri,M40-44,Run,4,13.0
Benoit Vaillant,M45-49,Swim,0,3.5
Benoit Vaillant,M45-49,T1,1,1.0
Benoit Vaillant,M45-49,Bike,2,33.2
Benoit Vaillant,M45-49,T2,3,1.0
Benoit Vaillant,M45-49,Run,4,9.6
Paul Birling,M25-29,Swim,0,3.3
Paul Birling,M25-29,T1,1,1.0
Paul Birling,M25-29,Bike,2,33.3
Paul Birling,M25-29,T2,3,1.0
Paul Birling,M25-29,Run,4,12.6
Ghassane Amchyaa,M30-34,Swim,0,2.9
Ghassane Amchyaa,M30-34,T1,1,1.0
Ghassane Amchyaa,M30-34,Bike,2,33.7
Ghassane Amchyaa,M30-34,T2,3,1.0
Ghassane Amchyaa,M30-34,Run,4,11.8
Kay Smith,F35-39,Swim,0,3.0
Kay Smith,F35-39,T1,1,1.0
Kay Smith,F35-39,Bike,2,34.1
Kay Smith,F35-39,T2,3,1.0
Kay Smith,F35-39,Run,4,11.5
Jérémie Brassaud,M45-49,Swim,0,2.7
Jérémie Brassaud,M45-49,T1,1,1.0
Jérémie Brassaud,M45-49,Bike,2,31.3
Jérémie Brassaud,M45-49,T2,3,1.0
Jérémie Brassaud,M45-49,Run,4,11.2
Zakariaa Mhaidir,M40-44,Swim,0,3.0
Zakariaa Mhaidir,M40-44,T1,1,1.0
Zakariaa Mhaidir,M40-44,Bike,2,32.4
Zakariaa Mhaidir,M40-44,T2,3,1.0
Zakariaa Mhaidir,M40-44,Run,4,10.9
Achraf OULAD ABDESLAM,M35-39,Swim,0,3.2
Achraf OULAD ABDESLAM,M35-39,T1,1,1.0
Achraf OULAD ABDESLAM,M35-39,Bike,2,34.7
Achraf OULAD ABDESLAM,M35-39,T2,3,1.0
Achraf OULAD ABDESLAM,M35-39,Run,4,10.5
Wesley Burke,M45-49,Swim,0,3.2
Wesley Burke,M45-49,T1,1,1.0
Wesley Burke,M45-49,Bike,2,34.4
Wesley Burke,M45-49,T2,3,1.0
Wesley Burke,M45-49,Run,4,9.4
Karim Zourakhti,M50-54,Swim,0,3.2
Karim Zourakhti,M50-54,T1,1,1.0
Karim Zourakhti,M50-54,Bike,2,32.4
Karim Zourakhti,M50-54,T2,3,1.0
Karim Zourakhti,M50-54,Run,4,9.4
Mhamed Boucheikh,M55-59,Swim,0,2.8
Mhamed Boucheikh,M55-59,T1,1,1.0
Mhamed Boucheikh,M55-59,Bike,2,29.8
Mhamed Boucheikh,M55-59,T2,3,1.0
Mhamed Boucheikh,M55-59,Run,4,10.3
Mohamed ali elabbassi,M45-49,Swim,0,3.1
Mohamed ali elabbassi,M45-49,T1,1,1.0
Mohamed ali elabbassi,M45-49,Bike,2,29.2
Mohamed ali elabbassi,M45-49,T2,3,1.0
Mohamed ali elabbassi,M45-49,Run,4,11.5
Nicolas Léger,M35-39,Swim,0,2.8
Nicolas Léger,M35-39,T1,1,1.0
Nicolas Léger,M35-39,Bike,2,32.4
Nicolas Léger,M35-39,T2,3,1.0
Nicolas Léger,M35-39,Run,4,12.2
Jessica Harvey,F40-44,Swim,0,3.5
Jessica Harvey,F40-44,T1,1,1.0
Jessica Harvey,F40-44,Bike,2,31.8
Jessica Harvey,F40-44,T2,3,1.0
Jessica Harvey,F40-44,Run,4,10.9
Joey Moynihan,M18-24,Swim,0,3.9
Joey Moynihan,M18-24,T1,1,1.0
Joey Moynihan,M18-24,Bike,2,32.5
Joey Moynihan,M18-24,T2,3,1.0
Joey Moynihan,M18-24,Run,4,12.2
David Bueno Diez,M30-34,Swim,0,3.1
David Bueno Diez,M30-34,T1,1,1.0
David Bueno Diez,M30-34,Bike,2,31.3
David Bueno Diez,M30-34,T2,3,1.0
David Bueno Diez,M30-34,Run,4,12.8
William Icard,M45-49,Swim,0,3.9
William Icard,M45-49,T1,1,1.0
William Icard,M45-49,Bike,2,33.8
William Icard,M45-49,T2,3,1.0
William Icard,M45-49,Run,4,8.7
Tanguy scyeur,M18-24,Swim,0,3.3
Tanguy scyeur,M18-24,T1,1,1.0
Tanguy scyeur,M18-24,Bike,2,32.8
Tanguy scyeur,M18-24,T2,3,1.0
Tanguy scyeur,M18-24,Run,4,12.7
Anass Mardi,M35-39,Swim,0,3.2
Anass Mardi,M35-39,T1,1,1.0
Anass Mardi,M35-39,Bike,2,34.6
Anass Mardi,M35-39,T2,3,1.0
Anass Mardi,M35-39,Run,4,10.2
Archie Keogh,M18-24,Swim,0,3.3
Archie Keogh,M18-24,T1,1,1.0
Archie Keogh,M18-24,Bike,2,33.8
Archie Keogh,M18-24,T2,3,1.0
Archie Keogh,M18-24,Run,4,12.0
Ryme Zaim,F35-39,Swim,0,3.4
Ryme Zaim,F35-39,T1,1,1.0
Ryme Zaim,F35-39,Bike,2,32.0
Ryme Zaim,F35-39,T2,3,1.0
Ryme Zaim,F35-39,Run,4,11.7
Monique Lanz,F50-54,Swim,0,3.2
Monique Lanz,F50-54,T1,1,1.0
Monique Lanz,F50-54,Bike,2,31.1
Monique Lanz,F50-54,T2,3,1.0
Monique Lanz,F50-54,Run,4,10.2
Angelika Fanai-Nimmesgern,F60-64,Swim,0,2.6
Angelika Fanai-Nimmesgern,F60-64,T1,1,1.0
Angelika Fanai-Nimmesgern,F60-64,Bike,2,30.8
Angelika Fanai-Nimmesgern,F60-64,T2,3,1.0
Angelika Fanai-Nimmesgern,F60-64,Run,4,9.2
Saad Msahi,M50-54,Swim,0,3.3
Saad Msahi,M50-54,T1,1,1.0
Saad Msahi,M50-54,Bike,2,29.1
Saad Msahi,M50-54,T2,3,1.0
Saad Msahi,M50-54,Run,4,10.6
Charles-Edouard Thiout,M45-49,Swim,0,2.5
Charles-Edouard Thiout,M45-49,T1,1,1.0
Charles-Edouard Thiout,M45-49,Bike,2,33.3
Charles-Edouard Thiout,M45-49,T2,3,1.0
Charles-Edouard Thiout,M45-49,Run,4,10.0
David Bossard,M50-54,Swim,0,3.3
David Bossard,M50-54,T1,1,1.0
David Bossard,M50-54,Bike,2,34.5
David Bossard,M50-54,T2,3,1.0
David Bossard,M50-54,Run,4,8.4
Hatim Senhaji,M45-49,Swim,0,2.9
Hatim Senhaji,M45-49,T1,1,1.0
Hatim Senhaji,M45-49,Bike,2,29.1
Hatim Senhaji,M45-49,T2,3,1.0
Hatim Senhaji,M45-49,Run,4,11.6
HICHAM NAJIM,M45-49,Swim,0,2.9
HICHAM NAJIM,M45-49,T1,1,1.0
HICHAM NAJIM,M45-49,Bike,2,28.6
HICHAM NAJIM,M45-49,T2,3,1.0
HICHAM NAJIM,M45-49,Run,4,12.1
Abdellaoui Hicham,M35-39,Swim,0,3.0
Abdellaoui Hicham,M35-39,T1,1,1.0
Abdellaoui Hicham,M35-39,Bike,2,28.9
Abdellaoui Hicham,M35-39,T2,3,1.0
Abdellaoui Hicham,M35-39,Run,4,13.5
Alberto Marrero Suneson,M25-29,Swim,0,3.1
Alberto Marrero Suneson,M25-29,T1,1,1.0
Alberto Marrero Suneson,M25-29,Bike,2,33.2
Alberto Marrero Suneson,M25-29,T2,3,1.0
Alberto Marrero Suneson,M25-29,Run,4,12.0
Camille Oly,F30-34,Swim,0,3.6
Camille Oly,F30-34,T1,1,1.0
Camille Oly,F30-34,Bike,2,32.6
Camille Oly,F30-34,T2,3,1.0
Camille Oly,F30-34,Run,4,11.3
Omar Bjani,M35-39,Swim,0,3.3
Omar Bjani,M35-39,T1,1,1.0
Omar Bjani,M35-39,Bike,2,31.1
Omar Bjani,M35-39,T2,3,1.0
Omar Bjani,M35-39,Run,4,12.0
Amine Lahmam Bennani,M40-44,Swim,0,3.2
Amine Lahmam Bennani,M40-44,T1,1,1.0
Amine Lahmam Bennani,M40-44,Bike,2,32.0
Amine Lahmam Bennani,M40-44,T2,3,1.0
Amine Lahmam Bennani,M40-44,Run,4,10.5
Paolo Facchi,M30-34,Swim,0,3.2
Paolo Facchi,M30-34,T1,1,1.0
Paolo Facchi,M30-34,Bike,2,31.8
Paolo Facchi,M30-34,T2,3,1.0
Paolo Facchi,M30-34,Run,4,12.1
MHAMED NIBRASSE,M30-34,Swim,0,3.5
MHAMED NIBRASSE,M30-34,T1,1,1.0
MHAMED NIBRASSE,M30-34,Bike,2,34.2
MHAMED NIBRASSE,M30-34,T2,3,1.0
MHAMED NIBRASSE,M30-34,Run,4,10.3
Soufiane Miadi,M40-44,Swim,0,2.7
Soufiane Miadi,M40-44,T1,1,1.0
Soufiane Miadi,M40-44,Bike,2,30.8
Soufiane Miadi,M40-44,T2,3,1.0
Soufiane Miadi,M40-44,Run,4,12.0
Taha Bentbib,M35-39,Swim,0,2.3
Taha Bentbib,M35-39,T1,1,1.0
Taha Bentbib,M35-39,Bike,2,37.3
Taha Bentbib,M35-39,T2,3,1.0
Taha Bentbib,M35-39,Run,4,10.5
Amine Belhaj,M40-44,Swim,0,3.0
Amine Belhaj,M40-44,T1,1,1.0
Amine Belhaj,M40-44,Bike,2,29.6
Amine Belhaj,M40-44,T2,3,1.0
Amine Belhaj,M40-44,Run,4,11.7
Heiko Zoellner,M50-54,Swim,0,3.1
Heiko Zoellner,M50-54,T1,1,1.0
Heiko Zoellner,M50-54,Bike,2,30.8
Heiko Zoellner,M50-54,T2,3,1.0
Heiko Zoellner,M50-54,Run,4,9.4
Ines Hernandez Hernandez,F60-64,Swim,0,3.1
Ines Hernandez Hernandez,F60-64,T1,1,1.0
Ines Hernandez Hernandez,F60-64,Bike,2,27.1
Ines Hernandez Hernandez,F60-64,T2,3,1.0
Ines Hernandez Hernandez,F60-64,Run,4,10.1
OKBA YOUNES,M50-54,Swim,0,3.3
OKBA YOUNES,M50-54,T1,1,1.0
OKBA YOUNES,M50-54,Bike,2,31.3
OKBA YOUNES,M50-54,T2,3,1.0
OKBA YOUNES,M50-54,Run,4,9.0
Sam Ghan,M45-49,Swim,0,2.5
Sam Ghan,M45-49,T1,1,1.0
Sam Ghan,M45-49,Bike,2,30.8
Sam Ghan,M45-49,T2,3,1.0
Sam Ghan,M45-49,Run,4,10.7
FADL Chraibi,M40-44,Swim,0,3.1
FADL Chraibi,M40-44,T1,1,1.0
FADL Chraibi,M40-44,Bike,2,31.7
FADL Chraibi,M40-44,T2,3,1.0
FADL Chraibi,M40-44,Run,4,10.3
HAMZA LAHLOU,M30-34,Swim,0,2.7
HAMZA LAHLOU,M30-34,T1,1,1.0
HAMZA LAHLOU,M30-34,Bike,2,31.3
HAMZA LAHLOU,M30-34,T2,3,1.0
HAMZA LAHLOU,M30-34,Run,4,13.0
Ali Kerim Gunay,M45-49,Swim,0,3.0
Ali Kerim Gunay,M45-49,T1,1,1.0
Ali Kerim Gunay,M45-49,Bike,2,30.8
Ali Kerim Gunay,M45-49,T2,3,1.0
Ali Kerim Gunay,M45-49,Run,4,9.7
Jean-Philippe Daveau,M50-54,Swim,0,2.8
Jean-Philippe Daveau,M50-54,T1,1,1.0
Jean-Philippe Daveau,M50-54,Bike,2,30.1
Jean-Philippe Daveau,M50-54,T2,3,1.0
Jean-Philippe Daveau,M50-54,Run,4,9.8
Jad Ayoujil,M30-34,Swim,0,2.9
Jad Ayoujil,M30-34,T1,1,1.0
Jad Ayoujil,M30-34,Bike,2,32.8
Jad Ayoujil,M30-34,T2,3,1.0
Jad Ayoujil,M30-34,Run,4,11.0
Mouad Abouhali,M40-44,Swim,0,2.2
Mouad Abouhali,M40-44,T1,1,1.0
Mouad Abouhali,M40-44,Bike,2,30.4
Mouad Abouhali,M40-44,T2,3,1.0
Mouad Abouhali,M40-44,Run,4,12.8
Rachid Bennis,M45-49,Swim,0,2.7
Rachid Bennis,M45-49,T1,1,1.0
Rachid Bennis,M45-49,Bike,2,29.7
Rachid Bennis,M45-49,T2,3,1.0
Rachid Bennis,M45-49,Run,4,10.8
Jonathan Dhayer,M25-29,Swim,0,3.4
Jonathan Dhayer,M25-29,T1,1,1.0
Jonathan Dhayer,M25-29,Bike,2,31.1
Jonathan Dhayer,M25-29,T2,3,1.0
Jonathan Dhayer,M25-29,Run,4,12.3
Hassan Aboufiras,M60-64,Swim,0,3.2
Hassan Aboufiras,M60-64,T1,1,1.0
Hassan Aboufiras,M60-64,Bike,2,29.3
Hassan Aboufiras,M60-64,T2,3,1.0
Hassan Aboufiras,M60-64,Run,4,8.1
MOULAY AHMED EL AZHARI DAOUDI,M55-59,Swim,0,2.9
MOULAY AHMED EL AZHARI DAOUDI,M55-59,T1,1,1.0
MOULAY AHMED EL AZHARI DAOUDI,M55-59,Bike,2,29.0
MOULAY AHMED EL AZHARI DAOUDI,M55-59,T2,3,1.0
MOULAY AHMED EL AZHARI DAOUDI,M55-59,Run,4,9.6
Luke Chapman,M35-39,Swim,0,3.9
Luke Chapman,M35-39,T1,1,1.0
Luke Chapman,M35-39,Bike,2,31.3
Luke Chapman,M35-39,T2,3,1.0
Luke Chapman,M35-39,Run,4,10.2
Faiçal Zahlane,M45-49,Swim,0,2.8
Faiçal Zahlane,M45-49,T1,1,1.0
Faiçal Zahlane,M45-49,Bike,2,32.5
Faiçal Zahlane,M45-49,T2,3,1.0
Faiçal Zahlane,M45-49,Run,4,9.5
Nassim Aschtouk,M50-54,Swim,0,3.0
Nassim Aschtouk,M50-54,T1,1,1.0
Nassim Aschtouk,M50-54,Bike,2,29.0
Nassim Aschtouk,M50-54,T2,3,1.0
Nassim Aschtouk,M50-54,Run,4,10.1
Zach Benrhamous,M45-49,Swim,0,3.6
Zach Benrhamous,M45-49,T1,1,1.0
Zach Benrhamous,M45-49,Bike,2,31.0
Zach Benrhamous,M45-49,T2,3,1.0
Zach Benrhamous,M45-49,Run,4,8.9
Souhaib ESSAR-RHINI,M25-29,Swim,0,3.5
Souhaib ESSAR-RHINI,M25-29,T1,1,1.0
Souhaib ESSAR-RHINI,M25-29,Bike,2,33.4
Souhaib ESSAR-RHINI,M25-29,T2,3,1.0
Souhaib ESSAR-RHINI,M25-29,Run,4,10.7
Adil Loukid,M40-44,Swim,0,2.8
Adil Loukid,M40-44,T1,1,1.0
Adil Loukid,M40-44,Bike,2,30.7
Adil Loukid,M40-44,T2,3,1.0
Adil Loukid,M40-44,Run,4,10.9
MOHAMED ECHDID,M40-44,Swim,0,3.2
MOHAMED ECHDID,M40-44,T1,1,1.0
MOHAMED ECHDID,M40-44,Bike,2,30.2
MOHAMED ECHDID,M40-44,T2,3,1.0
MOHAMED ECHDID,M40-44,Run,4,10.5
Nathan Fletcher,M35-39,Swim,0,3.3
Nathan Fletcher,M35-39,T1,1,1.0
Nathan Fletcher,M35-39,Bike,2,30.4
Nathan Fletcher,M35-39,T2,3,1.0
Nathan Fletcher,M35-39,Run,4,11.0
David Fragoso Roig,M55-59,Swim,0,3.0
David Fragoso Roig,M55-59,T1,1,1.0
David Fragoso Roig,M55-59,Bike,2,27.2
David Fragoso Roig,M55-59,T2,3,1.0
David Fragoso Roig,M55-59,Run,4,10.2
Leszek Nowaczyk,M25-29,Swim,0,3.0
Leszek Nowaczyk,M25-29,T1,1,1.0
Leszek Nowaczyk,M25-29,Bike,2,32.4
Leszek Nowaczyk,M25-29,T2,3,1.0
Leszek Nowaczyk,M25-29,Run,4,11.6
MOUNIR LAKHLIFI,M30-34,Swim,0,3.1
MOUNIR LAKHLIFI,M30-34,T1,1,1.0
MOUNIR LAKHLIFI,M30-34,Bike,2,32.1
MOUNIR LAKHLIFI,M30-34,T2,3,1.0
MOUNIR LAKHLIFI,M30-34,Run,4,10.7
Arantza Burgoa Aguirregomezcorta,F60-64,Swim,0,3.3
Arantza Burgoa Aguirregomezcorta,F60-64,T1,1,1.0
Arantza Burgoa Aguirregomezcorta,F60-64,Bike,2,27.3
Arantza Burgoa Aguirregomezcorta,F60-64,T2,3,1.0
Arantza Burgoa Aguirregomezcorta,F60-64,Run,4,9.2
Ayoub Elhamji,M35-39,Swim,0,3.2
Ayoub Elhamji,M35-39,T1,1,1.0
Ayoub Elhamji,M35-39,Bike,2,31.6
Ayoub Elhamji,M35-39,T2,3,1.0
Ayoub Elhamji,M35-39,Run,4,10.3
Lamyaa Cherkab,F45-49,Swim,0,3.1
Lamyaa Cherkab,F45-49,T1,1,1.0
Lamyaa Cherkab,F45-49,Bike,2,29.3
Lamyaa Cherkab,F45-49,T2,3,1.0
Lamyaa Cherkab,F45-49,Run,4,10.6
Abdeslam Afailal,M50-54,Swim,0,3.1
Abdeslam Afailal,M50-54,T1,1,1.0
Abdeslam Afailal,M50-54,Bike,2,27.1
Abdeslam Afailal,M50-54,T2,3,1.0
Abdeslam Afailal,M50-54,Run,4,11.4
Yahya Boulben El Fallah,M35-39,Swim,0,3.2
Yahya Boulben El Fallah,M35-39,T1,1,1.0
Yahya Boulben El Fallah,M35-39,Bike,2,30.7
Yahya Boulben El Fallah,M35-39,T2,3,1.0
Yahya Boulben El Fallah,M35-39,Run,4,11.0
Chakib Taha,M55-59,Swim,0,2.5
Chakib Taha,M55-59,T1,1,1.0
Chakib Taha,M55-59,Bike,2,28.2
Chakib Taha,M55-59,T2,3,1.0
Chakib Taha,M55-59,Run,4,10.1
Marine De Michelena,F50-54,Swim,0,3.3
Marine De Michelena,F50-54,T1,1,1.0
Marine De Michelena,F50-54,Bike,2,29.2
Marine De Michelena,F50-54,T2,3,1.0
Marine De Michelena,F50-54,Run,4,10.0
Abdelkader Boulouad,M30-34,Swim,0,3.3
Abdelkader Boulouad,M30-34,T1,1,1.0
Abdelkader Boulouad,M30-34,Bike,2,30.3
Abdelkader Boulouad,M30-34,T2,3,1.0
Abdelkader Boulouad,M30-34,Run,4,11.4
Farouk Abou Rahal,M50-54,Swim,0,2.7
Farouk Abou Rahal,M50-54,T1,1,1.0
Farouk Abou Rahal,M50-54,Bike,2,30.8
Farouk Abou Rahal,M50-54,T2,3,1.0
Farouk Abou Rahal,M50-54,Run,4,9.5
Adil Haida,M50-54,Swim,0,2.7
Adil Haida,M50-54,T1,1,1.0
Adil Haida,M50-54,Bike,2,28.0
Adil Haida,M50-54,T2,3,1.0
Adil Haida,M50-54,Run,4,10.8
Driss Benkirane,M60-64,Swim,0,2.5
Driss Benkirane,M60-64,T1,1,1.0
Driss Benkirane,M60-64,Bike,2,26.9
Driss Benkirane,M60-64,T2,3,1.0
Driss Benkirane,M60-64,Run,4,9.5
Mark Meehan,M40-44,Swim,0,2.7
Mark Meehan,M40-44,T1,1,1.0
Mark Meehan,M40-44,Bike,2,32.0
Mark Meehan,M40-44,T2,3,1.0
Mark Meehan,M40-44,Run,4,9.9
Tahiri Nizar,M45-49,Swim,0,2.9
Tahiri Nizar,M45-49,T1,1,1.0
Tahiri Nizar,M45-49,Bike,2,30.2
Tahiri Nizar,M45-49,T2,3,1.0
Tahiri Nizar,M45-49,Run,4,9.7
Diaa Alhak EL FALLOUS,M45-49,Swim,0,2.7
Diaa Alhak EL FALLOUS,M45-49,T1,1,1.0
Diaa Alhak EL FALLOUS,M45-49,Bike,2,28.3
Diaa Alhak EL FALLOUS,M45-49,T2,3,1.0
Diaa Alhak EL FALLOUS,M45-49,Run,4,10.9
Hatim KAMEL,M35-39,Swim,0,2.5
Hatim KAMEL,M35-39,T1,1,1.0
Hatim KAMEL,M35-39,Bike,2,31.7
Hatim KAMEL,M35-39,T2,3,1.0
Hatim KAMEL,M35-39,Run,4,11.6
Youssef Oujaa,M30-34,Swim,0,3.0
Youssef Oujaa,M30-34,T1,1,1.0
Youssef Oujaa,M30-34,Bike,2,33.1
Youssef Oujaa,M30-34,T2,3,1.0
Youssef Oujaa,M30-34,Run,4,10.0
Wahb Atik,M45-49,Swim,0,2.7
Wahb Atik,M45-49,T1,1,1.0
Wahb Atik,M45-49,Bike,2,30.5
Wahb Atik,M45-49,T2,3,1.0
Wahb Atik,M45-49,Run,4,9.7
Pablo Serratosa Morón,M25-29,Swim,0,3.6
Pablo Serratosa Morón,M25-29,T1,1,1.0
Pablo Serratosa Morón,M25-29,Bike,2,31.1
Pablo Serratosa Morón,M25-29,T2,3,1.0
Pablo Serratosa Morón,M25-29,Run,4,11.2
Remy Fragniere,M25-29,Swim,0,3.9
Remy Fragniere,M25-29,T1,1,1.0
Remy Fragniere,M25-29,Bike,2,32.6
Remy Fragniere,M25-29,T2,3,1.0
Remy Fragniere,M25-29,Run,4,10.3
Anass Boudarka,M25-29,Swim,0,2.8
Anass Boudarka,M25-29,T1,1,1.0
Anass Boudarka,M25-29,Bike,2,32.4
Anass Boudarka,M25-29,T2,3,1.0
Anass Boudarka,M25-29,Run,4,11.8
rachid baali,M50-54,Swim,0,4.0
rachid baali,M50-54,T1,1,1.0
rachid baali,M50-54,Bike,2,28.9
rachid baali,M50-54,T2,3,1.0
rachid baali,M50-54,Run,4,8.9
Hamza SELLAK,M40-44,Swim,0,2.5
Hamza SELLAK,M40-44,T1,1,1.0
Hamza SELLAK,M40-44,Bike,2,30.8
Hamza SELLAK,M40-44,T2,3,1.0
Hamza SELLAK,M40-44,Run,4,10.8
MAELLE PENNEC,F35-39,Swim,0,3.3
MAELLE PENNEC,F35-39,T1,1,1.0
MAELLE PENNEC,F35-39,Bike,2,30.5
MAELLE PENNEC,F35-39,T2,3,1.0
MAELLE PENNEC,F35-39,Run,4,10.7
Theo Meslin,M25-29,Swim,0,3.4
Theo Meslin,M25-29,T1,1,1.0
Theo Meslin,M25-29,Bike,2,31.3
Theo Meslin,M25-29,T2,3,1.0
Theo Meslin,M25-29,Run,4,11.0
Walid AMHARE,M25-29,Swim,0,2.6
Walid AMHARE,M25-29,T1,1,1.0
Walid AMHARE,M25-29,Bike,2,31.7
Walid AMHARE,M25-29,T2,3,1.0
Walid AMHARE,M25-29,Run,4,11.8
Dixon Rowan,M25-29,Swim,0,3.2
Dixon Rowan,M25-29,T1,1,1.0
Dixon Rowan,M25-29,Bike,2,31.5
Dixon Rowan,M25-29,T2,3,1.0
Dixon Rowan,M25-29,Run,4,11.1
Salaheddine El khou,M30-34,Swim,0,2.8
Salaheddine El khou,M30-34,T1,1,1.0
Salaheddine El khou,M30-34,Bike,2,30.2
Salaheddine El khou,M30-34,T2,3,1.0
Salaheddine El khou,M30-34,Run,4,11.8
Ian Osborne,M55-59,Swim,0,3.6
Ian Osborne,M55-59,T1,1,1.0
Ian Osborne,M55-59,Bike,2,29.5
Ian Osborne,M55-59,T2,3,1.0
Ian Osborne,M55-59,Run,4,8.0
Sergio Marta,M50-54,Swim,0,3.6
Sergio Marta,M50-54,T1,1,1.0
Sergio Marta,M50-54,Bike,2,31.2
Sergio Marta,M50-54,T2,3,1.0
Sergio Marta,M50-54,Run,4,8.1
Nacho Galán Moreno,M45-49,Swim,0,3.5
Nacho Galán Moreno,M45-49,T1,1,1.0
Nacho Galán Moreno,M45-49,Bike,2,29.4
Nacho Galán Moreno,M45-49,T2,3,1.0
Nacho Galán Moreno,M45-49,Run,4,9.0
Mario Ruiz Botero,M18-24,Swim,0,3.1
Mario Ruiz Botero,M18-24,T1,1,1.0
Mario Ruiz Botero,M18-24,Bike,2,32.3
Mario Ruiz Botero,M18-24,T2,3,1.0
Mario Ruiz Botero,M18-24,Run,4,10.8
Ali Timhadjelt,M35-39,Swim,0,2.7
Ali Timhadjelt,M35-39,T1,1,1.0
Ali Timhadjelt,M35-39,Bike,2,30.3
Ali Timhadjelt,M35-39,T2,3,1.0
Ali Timhadjelt,M35-39,Run,4,11.2
OMAR LAHBABI,M40-44,Swim,0,2.7
OMAR LAHBABI,M40-44,T1,1,1.0
OMAR LAHBABI,M40-44,Bike,2,29.8
OMAR LAHBABI,M40-44,T2,3,1.0
OMAR LAHBABI,M40-44,Run,4,10.4
Justin Hamill,M30-34,Swim,0,2.9
Justin Hamill,M30-34,T1,1,1.0
Justin Hamill,M30-34,Bike,2,30.2
Justin Hamill,M30-34,T2,3,1.0
Justin Hamill,M30-34,Run,4,11.3
Steve Gale,M65-69,Swim,0,2.3
Steve Gale,M65-69,T1,1,1.0
Steve Gale,M65-69,Bike,2,26.0
Steve Gale,M65-69,T2,3,1.0
Steve Gale,M65-69,Run,4,8.2
Mounir El Adib,M40-44,Swim,0,3.2
Mounir El Adib,M40-44,T1,1,1.0
Mounir El Adib,M40-44,Bike,2,30.7
Mounir El Adib,M40-44,T2,3,1.0
Mounir El Adib,M40-44,Run,4,9.3
Soufiane Bazouz,M45-49,Swim,0,2.5
Soufiane Bazouz,M45-49,T1,1,1.0
Soufiane Bazouz,M45-49,Bike,2,28.2
Soufiane Bazouz,M45-49,T2,3,1.0
Soufiane Bazouz,M45-49,Run,4,10.6
Piotr Blysz,M18-24,Swim,0,3.9
Piotr Blysz,M18-24,T1,1,1.0
Piotr Blysz,M18-24,Bike,2,31.9
Piotr Blysz,M18-24,T2,3,1.0
Piotr Blysz,M18-24,Run,4,10.1
Camelea Mghazli,F30-34,Swim,0,2.8
Camelea Mghazli,F30-34,T1,1,1.0
Camelea Mghazli,F30-34,Bike,2,30.3
Camelea Mghazli,F30-34,T2,3,1.0
Camelea Mghazli,F30-34,Run,4,11.9
BAUDOUIN BOULLIER,M40-44,Swim,0,2.9
BAUDOUIN BOULLIER,M40-44,T1,1,1.0
BAUDOUIN BOULLIER,M40-44,Bike,2,27.8
BAUDOUIN BOULLIER,M40-44,T2,3,1.0
BAUDOUIN BOULLIER,M40-44,Run,4,10.9
Guillaume Rousseau,M45-49,Swim,0,2.7
Guillaume Rousseau,M45-49,T1,1,1.0
Guillaume Rousseau,M45-49,Bike,2,31.2
Guillaume Rousseau,M45-49,T2,3,1.0
Guillaume Rousseau,M45-49,Run,4,8.8
Hicham Jaouad,M30-34,Swim,0,2.6
Hicham Jaouad,M30-34,T1,1,1.0
Hicham Jaouad,M30-34,Bike,2,30.6
Hicham Jaouad,M30-34,T2,3,1.0
Hicham Jaouad,M30-34,Run,4,11.2
JAD Cherqaoui,M18-24,Swim,0,3.4
JAD Cherqaoui,M18-24,T1,1,1.0
JAD Cherqaoui,M18-24,Bike,2,28.3
JAD Cherqaoui,M18-24,T2,3,1.0
JAD Cherqaoui,M18-24,Run,4,12.5
Mohamed HNANNOU,M35-39,Swim,0,2.4
Mohamed HNANNOU,M35-39,T1,1,1.0
Mohamed HNANNOU,M35-39,Bike,2,31.5
Mohamed HNANNOU,M35-39,T2,3,1.0
Mohamed HNANNOU,M35-39,Run,4,10.6
MOHAMMED AMINE KHALIDI,M35-39,Swim,0,2.8
MOHAMMED AMINE KHALIDI,M35-39,T1,1,1.0
MOHAMMED AMINE KHALIDI,M35-39,Bike,2,30.0
MOHAMMED AMINE KHALIDI,M35-39,T2,3,1.0
MOHAMMED AMINE KHALIDI,M35-39,Run,4,10.6
El mehdi Oubassan,M25-29,Swim,0,2.8
El mehdi Oubassan,M25-29,T1,1,1.0
El mehdi Oubassan,M25-29,Bike,2,33.1
El mehdi Oubassan,M25-29,T2,3,1.0
El mehdi Oubassan,M25-29,Run,4,10.3
Ahmed Chaouki Berrannoun,M45-49,Swim,0,3.8
Ahmed Chaouki Berrannoun,M45-49,T1,1,1.0
Ahmed Chaouki Berrannoun,M45-49,Bike,2,29.0
Ahmed Chaouki Berrannoun,M45-49,T2,3,1.0
Ahmed Chaouki Berrannoun,M45-49,Run,4,9.9
Alexandre Bernardo,M25-29,Swim,0,3.4
Alexandre Bernardo,M25-29,T1,1,1.0
Alexandre Bernardo,M25-29,Bike,2,30.5
Alexandre Bernardo,M25-29,T2,3,1.0
Alexandre Bernardo,M25-29,Run,4,10.6
Emilio Gimenez Serantes,M45-49,Swim,0,3.2
Emilio Gimenez Serantes,M45-49,T1,1,1.0
Emilio Gimenez Serantes,M45-49,Bike,2,31.1
Emilio Gimenez Serantes,M45-49,T2,3,1.0
Emilio Gimenez Serantes,M45-49,Run,4,8.5
HICHAM EL JAMALI,M45-49,Swim,0,3.2
HICHAM EL JAMALI,M45-49,T1,1,1.0
HICHAM EL JAMALI,M45-49,Bike,2,30.4
HICHAM EL JAMALI,M45-49,T2,3,1.0
HICHAM EL JAMALI,M45-49,Run,4,8.4
Aladin Karouati,M50-54,Swim,0,3.0
Aladin Karouati,M50-54,T1,1,1.0
Aladin Karouati,M50-54,Bike,2,28.9
Aladin Karouati,M50-54,T2,3,1.0
Aladin Karouati,M50-54,Run,4,9.0
REDA BENZAKOUR,M50-54,Swim,0,3.2
REDA BENZAKOUR,M50-54,T1,1,1.0
REDA BENZAKOUR,M50-54,Bike,2,27.9
REDA BENZAKOUR,M50-54,T2,3,1.0
REDA BENZAKOUR,M50-54,Run,4,9.3
Karim Mouathassime,M50-54,Swim,0,3.3
Karim Mouathassime,M50-54,T1,1,1.0
Karim Mouathassime,M50-54,Bike,2,26.7
Karim Mouathassime,M50-54,T2,3,1.0
Karim Mouathassime,M50-54,Run,4,9.5
FRANCOIS MARTINEZ,M55-59,Swim,0,2.9
FRANCOIS MARTINEZ,M55-59,T1,1,1.0
FRANCOIS MARTINEZ,M55-59,Bike,2,27.0
FRANCOIS MARTINEZ,M55-59,T2,3,1.0
FRANCOIS MARTINEZ,M55-59,Run,4,9.1
Sandali Tarik,M45-49,Swim,0,2.5
Sandali Tarik,M45-49,T1,1,1.0
Sandali Tarik,M45-49,Bike,2,28.9
Sandali Tarik,M45-49,T2,3,1.0
Sandali Tarik,M45-49,Run,4,10.1
Ilias Lazrak,M30-34,Swim,0,2.4
Ilias Lazrak,M30-34,T1,1,1.0
Ilias Lazrak,M30-34,Bike,2,31.6
Ilias Lazrak,M30-34,T2,3,1.0
Ilias Lazrak,M30-34,Run,4,10.3
Mohammed El Amrani,M35-39,Swim,0,2.1
Mohammed El Amrani,M35-39,T1,1,1.0
Mohammed El Amrani,M35-39,Bike,2,31.0
Mohammed El Amrani,M35-39,T2,3,1.0
Mohammed El Amrani,M35-39,Run,4,10.9
Reda Belahrach,M25-29,Swim,0,2.7
Reda Belahrach,M25-29,T1,1,1.0
Reda Belahrach,M25-29,Bike,2,28.7
Reda Belahrach,M25-29,T2,3,1.0
Reda Belahrach,M25-29,Run,4,12.4
Matis Marie,M30-34,Swim,0,3.3
Matis Marie,M30-34,T1,1,1.0
Matis Marie,M30-34,Bike,2,31.5
Matis Marie,M30-34,T2,3,1.0
Matis Marie,M30-34,Run,4,9.7
Abdelmounaim elghazi,M35-39,Swim,0,2.5
Abdelmounaim elghazi,M35-39,T1,1,1.0
Abdelmounaim elghazi,M35-39,Bike,2,31.6
Abdelmounaim elghazi,M35-39,T2,3,1.0
Abdelmounaim elghazi,M35-39,Run,4,9.9
Spencer Napolitano,M35-39,Swim,0,3.2
Spencer Napolitano,M35-39,T1,1,1.0
Spencer Napolitano,M35-39,Bike,2,30.7
Spencer Napolitano,M35-39,T2,3,1.0
Spencer Napolitano,M35-39,Run,4,9.9
Thami Iraqi Houssaini,M35-39,Swim,0,3.1
Thami Iraqi Houssaini,M35-39,T1,1,1.0
Thami Iraqi Houssaini,M35-39,Bike,2,28.8
Thami Iraqi Houssaini,M35-39,T2,3,1.0
Thami Iraqi Houssaini,M35-39,Run,4,10.6
Maroua TADILI,F35-39,Swim,0,2.4
Maroua TADILI,F35-39,T1,1,1.0
Maroua TADILI,F35-39,Bike,2,31.5
Maroua TADILI,F35-39,T2,3,1.0
Maroua TADILI,F35-39,Run,4,10.6
David Leach,M45-49,Swim,0,3.0
David Leach,M45-49,T1,1,1.0
David Leach,M45-49,Bike,2,27.5
David Leach,M45-49,T2,3,1.0
David Leach,M45-49,Run,4,9.4
Matt Cariglia,M35-39,Swim,0,3.9
Matt Cariglia,M35-39,T1,1,1.0
Matt Cariglia,M35-39,Bike,2,28.1
Matt Cariglia,M35-39,T2,3,1.0
Matt Cariglia,M35-39,Run,4,10.0
Marouen BEN HAJ YAHIA,M40-44,Swim,0,2.8
Marouen BEN HAJ YAHIA,M40-44,T1,1,1.0
Marouen BEN HAJ YAHIA,M40-44,Bike,2,30.8
Marouen BEN HAJ YAHIA,M40-44,T2,3,1.0
Marouen BEN HAJ YAHIA,M40-44,Run,4,9.2
Maha IBOURK,F50-54,Swim,0,2.5
Maha IBOURK,F50-54,T1,1,1.0
Maha IBOURK,F50-54,Bike,2,27.1
Maha IBOURK,F50-54,T2,3,1.0
Maha IBOURK,F50-54,Run,4,10.3
Bilal AMAR,M30-34,Swim,0,2.7
Bilal AMAR,M30-34,T1,1,1.0
Bilal AMAR,M30-34,Bike,2,27.5
Bilal AMAR,M30-34,T2,3,1.0
Bilal AMAR,M30-34,Run,4,12.1
Amine Benomar,M25-29,Swim,0,3.1
Amine Benomar,M25-29,T1,1,1.0
Amine Benomar,M25-29,Bike,2,30.4
Amine Benomar,M25-29,T2,3,1.0
Amine Benomar,M25-29,Run,4,10.5
LAMIA ALAOUI,F45-49,Swim,0,2.9
LAMIA ALAOUI,F45-49,T1,1,1.0
LAMIA ALAOUI,F45-49,Bike,2,28.9
LAMIA ALAOUI,F45-49,T2,3,1.0
LAMIA ALAOUI,F45-49,Run,4,9.9
issam Malki,M35-39,Swim,0,2.6
issam Malki,M35-39,T1,1,1.0
issam Malki,M35-39,Bike,2,29.2
issam Malki,M35-39,T2,3,1.0
issam Malki,M35-39,Run,4,10.4
Omar Lahlou,M40-44,Swim,0,2.5
Omar Lahlou,M40-44,T1,1,1.0
Omar Lahlou,M40-44,Bike,2,28.8
Omar Lahlou,M40-44,T2,3,1.0
Omar Lahlou,M40-44,Run,4,10.0
Nasser lakrimi,M25-29,Swim,0,2.7
Nasser lakrimi,M25-29,T1,1,1.0
Nasser lakrimi,M25-29,Bike,2,36.1
Nasser lakrimi,M25-29,T2,3,1.0
Nasser lakrimi,M25-29,Run,4,8.8
Laurent Chardaire,M35-39,Swim,0,3.2
Laurent Chardaire,M35-39,T1,1,1.0
Laurent Chardaire,M35-39,Bike,2,27.3
Laurent Chardaire,M35-39,T2,3,1.0
Laurent Chardaire,M35-39,Run,4,10.8
Laerke Mop Rasmussen,F25-29,Swim,0,2.9
Laerke Mop Rasmussen,F25-29,T1,1,1.0
Laerke Mop Rasmussen,F25-29,Bike,2,30.6
Laerke Mop Rasmussen,F25-29,T2,3,1.0
Laerke Mop Rasmussen,F25-29,Run,4,10.4
Abdellah Marrakchi,M40-44,Swim,0,2.9
Abdellah Marrakchi,M40-44,T1,1,1.0
Abdellah Marrakchi,M40-44,Bike,2,30.0
Abdellah Marrakchi,M40-44,T2,3,1.0
Abdellah Marrakchi,M40-44,Run,4,9.0
Ayoub BELFARAANE,M30-34,Swim,0,2.8
Ayoub BELFARAANE,M30-34,T1,1,1.0
Ayoub BELFARAANE,M30-34,Bike,2,26.8
Ayoub BELFARAANE,M30-34,T2,3,1.0
Ayoub BELFARAANE,M30-34,Run,4,12.3
ANAS EL HANCHI,M35-39,Swim,0,3.3
ANAS EL HANCHI,M35-39,T1,1,1.0
ANAS EL HANCHI,M35-39,Bike,2,31.2
ANAS EL HANCHI,M35-39,T2,3,1.0
ANAS EL HANCHI,M35-39,Run,4,8.7
BENLAMLIH Mouhcine,M50-54,Swim,0,2.7
BENLAMLIH Mouhcine,M50-54,T1,1,1.0
BENLAMLIH Mouhcine,M50-54,Bike,2,28.4
BENLAMLIH Mouhcine,M50-54,T2,3,1.0
BENLAMLIH Mouhcine,M50-54,Run,4,8.4
ZAKARIA EL HAMDAOUI,M40-44,Swim,0,2.8
ZAKARIA EL HAMDAOUI,M40-44,T1,1,1.0
ZAKARIA EL HAMDAOUI,M40-44,Bike,2,28.7
ZAKARIA EL HAMDAOUI,M40-44,T2,3,1.0
ZAKARIA EL HAMDAOUI,M40-44,Run,4,9.6
Wei Sui,M45-49,Swim,0,2.6
Wei Sui,M45-49,T1,1,1.0
Wei Sui,M45-49,Bike,2,30.2
Wei Sui,M45-49,T2,3,1.0
Wei Sui,M45-49,Run,4,8.2
Fouzia Moussaoui,F50-54,Swim,0,2.9
Fouzia Moussaoui,F50-54,T1,1,1.0
Fouzia Moussaoui,F50-54,Bike,2,28.5
Fouzia Moussaoui,F50-54,T2,3,1.0
Fouzia Moussaoui,F50-54,Run,4,8.6
Fraser Koefman,M25-29,Swim,0,3.2
Fraser Koefman,M25-29,T1,1,1.0
Fraser Koefman,M25-29,Bike,2,31.3
Fraser Koefman,M25-29,T2,3,1.0
Fraser Koefman,M25-29,Run,4,9.6
Matthew Pearce,M45-49,Swim,0,2.3
Matthew Pearce,M45-49,T1,1,1.0
Matthew Pearce,M45-49,Bike,2,30.1
Matthew Pearce,M45-49,T2,3,1.0
Matthew Pearce,M45-49,Run,4,8.6
Kamal Filali Dahni,M45-49,Swim,0,2.5
Kamal Filali Dahni,M45-49,T1,1,1.0
Kamal Filali Dahni,M45-49,Bike,2,25.5
Kamal Filali Dahni,M45-49,T2,3,1.0
Kamal Filali Dahni,M45-49,Run,4,10.8
Zineb Tabahate,F35-39,Swim,0,2.4
Zineb Tabahate,F35-39,T1,1,1.0
Zineb Tabahate,F35-39,Bike,2,29.4
Zineb Tabahate,F35-39,T2,3,1.0
Zineb Tabahate,F35-39,Run,4,10.5
Hajar Bakkouch,F30-34,Swim,0,2.4
Hajar Bakkouch,F30-34,T1,1,1.0
Hajar Bakkouch,F30-34,Bike,2,28.8
Hajar Bakkouch,F30-34,T2,3,1.0
Hajar Bakkouch,F30-34,Run,4,11.1
Soufiane Ettanji,M25-29,Swim,0,3.2
Soufiane Ettanji,M25-29,T1,1,1.0
Soufiane Ettanji,M25-29,Bike,2,27.8
Soufiane Ettanji,M25-29,T2,3,1.0
Soufiane Ettanji,M25-29,Run,4,11.2
SALAHEDDINE OUAARAB,M35-39,Swim,0,2.8
SALAHEDDINE OUAARAB,M35-39,T1,1,1.0
SALAHEDDINE OUAARAB,M35-39,Bike,2,28.9
SALAHEDDINE OUAARAB,M35-39,T2,3,1.0
SALAHEDDINE OUAARAB,M35-39,Run,4,9.6
Karim Alikkane,M40-44,Swim,0,2.3
Karim Alikkane,M40-44,T1,1,1.0
Karim Alikkane,M40-44,Bike,2,29.0
Karim Alikkane,M40-44,T2,3,1.0
Karim Alikkane,M40-44,Run,4,9.7
Ali Abakhti-Mchachti,M55-59,Swim,0,3.2
Ali Abakhti-Mchachti,M55-59,T1,1,1.0
Ali Abakhti-Mchachti,M55-59,Bike,2,30.1
Ali Abakhti-Mchachti,M55-59,T2,3,1.0
Ali Abakhti-Mchachti,M55-59,Run,4,6.7
Romain Sabbagh,M25-29,Swim,0,2.8
Romain Sabbagh,M25-29,T1,1,1.0
Romain Sabbagh,M25-29,Bike,2,28.8
Romain Sabbagh,M25-29,T2,3,1.0
Romain Sabbagh,M25-29,Run,4,10.6
Anouk Biolley,F18-24,Swim,0,3.2
Anouk Biolley,F18-24,T1,1,1.0
Anouk Biolley,F18-24,Bike,2,29.5
Anouk Biolley,F18-24,T2,3,1.0
Anouk Biolley,F18-24,Run,4,9.5
Simo Said,M50-54,Swim,0,2.6
Simo Said,M50-54,T1,1,1.0
Simo Said,M50-54,Bike,2,26.2
Simo Said,M50-54,T2,3,1.0
Simo Said,M50-54,Run,4,9.0
Merouan BALLOUT,M40-44,Swim,0,2.2
Merouan BALLOUT,M40-44,T1,1,1.0
Merouan BALLOUT,M40-44,Bike,2,27.7
Merouan BALLOUT,M40-44,T2,3,1.0
Merouan BALLOUT,M40-44,Run,4,10.3
radia bennouna,F25-29,Swim,0,3.3
radia bennouna,F25-29,T1,1,1.0
radia bennouna,F25-29,Bike,2,28.9
radia bennouna,F25-29,T2,3,1.0
radia bennouna,F25-29,Run,4,10.2
Jesper Van Bondt,M18-24,Swim,0,2.5
Jesper Van Bondt,M18-24,T1,1,1.0
Jesper Van Bondt,M18-24,Bike,2,30.1
Jesper Van Bondt,M18-24,T2,3,1.0
Jesper Van Bondt,M18-24,Run,4,10.9
Rohan Chopra,M18-24,Swim,0,3.2
Rohan Chopra,M18-24,T1,1,1.0
Rohan Chopra,M18-24,Bike,2,27.8
Rohan Chopra,M18-24,T2,3,1.0
Rohan Chopra,M18-24,Run,4,11.0
Mohamed Wadii El Asri,M50-54,Swim,0,2.9
Mohamed Wadii El Asri,M50-54,T1,1,1.0
Mohamed Wadii El Asri,M50-54,Bike,2,30.6
Mohamed Wadii El Asri,M50-54,T2,3,1.0
Mohamed Wadii El Asri,M50-54,Run,4,7.1
Jad Saadani,M25-29,Swim,0,2.9
Jad Saadani,M25-29,T1,1,1.0
Jad Saadani,M25-29,Bike,2,30.1
Jad Saadani,M25-29,T2,3,1.0
Jad Saadani,M25-29,Run,4,9.9
Bella Turner,F25-29,Swim,0,3.3
Bella Turner,F25-29,T1,1,1.0
Bella Turner,F25-29,Bike,2,29.6
Bella Turner,F25-29,T2,3,1.0
Bella Turner,F25-29,Run,4,10.7
Ossama Khaoua,M45-49,Swim,0,2.8
Ossama Khaoua,M45-49,T1,1,1.0
Ossama Khaoua,M45-49,Bike,2,28.8
Ossama Khaoua,M45-49,T2,3,1.0
Ossama Khaoua,M45-49,Run,4,8.2
MEHDI BENNIS,M45-49,Swim,0,3.1
MEHDI BENNIS,M45-49,T1,1,1.0
MEHDI BENNIS,M45-49,Bike,2,26.6
MEHDI BENNIS,M45-49,T2,3,1.0
MEHDI BENNIS,M45-49,Run,4,8.6
Hind Alaoui,F45-49,Swim,0,2.9
Hind Alaoui,F45-49,T1,1,1.0
Hind Alaoui,F45-49,Bike,2,25.6
Hind Alaoui,F45-49,T2,3,1.0
Hind Alaoui,F45-49,Run,4,9.7
Ismael Bouayad,M30-34,Swim,0,2.6
Ismael Bouayad,M30-34,T1,1,1.0
Ismael Bouayad,M30-34,Bike,2,28.0
Ismael Bouayad,M30-34,T2,3,1.0
Ismael Bouayad,M30-34,Run,4,9.9
Francoise Martinez,F55-59,Swim,0,3.0
Francoise Martinez,F55-59,T1,1,1.0
Francoise Martinez,F55-59,Bike,2,25.2
Francoise Martinez,F55-59,T2,3,1.0
Francoise Martinez,F55-59,Run,4,8.5
Valters Finartijs,M25-29,Swim,0,3.4
Valters Finartijs,M25-29,T1,1,1.0
Valters Finartijs,M25-29,Bike,2,30.3
Valters Finartijs,M25-29,T2,3,1.0
Valters Finartijs,M25-29,Run,4,9.1
Michaël Scofield,M30-34,Swim,0,2.7
Michaël Scofield,M30-34,T1,1,1.0
Michaël Scofield,M30-34,Bike,2,27.8
Michaël Scofield,M30-34,T2,3,1.0
Michaël Scofield,M30-34,Run,4,10.3
WALID-SAMY EL MESSAOUDI,M25-29,Swim,0,2.9
WALID-SAMY EL MESSAOUDI,M25-29,T1,1,1.0
WALID-SAMY EL MESSAOUDI,M25-29,Bike,2,27.6
WALID-SAMY EL MESSAOUDI,M25-29,T2,3,1.0
WALID-SAMY EL MESSAOUDI,M25-29,Run,4,10.8
Rokas Judickas,M18-24,Swim,0,2.7
Rokas Judickas,M18-24,T1,1,1.0
Rokas Judickas,M18-24,Bike,2,28.5
Rokas Judickas,M18-24,T2,3,1.0
Rokas Judickas,M18-24,Run,4,10.6
Benjamin Boje,M40-44,Swim,0,2.5
Benjamin Boje,M40-44,T1,1,1.0
Benjamin Boje,M40-44,Bike,2,29.9
Benjamin Boje,M40-44,T2,3,1.0
Benjamin Boje,M40-44,Run,4,8.3
Amine El Kassy,M45-49,Swim,0,2.5
Amine El Kassy,M45-49,T1,1,1.0
Amine El Kassy,M45-49,Bike,2,27.3
Amine El Kassy,M45-49,T2,3,1.0
Amine El Kassy,M45-49,Run,4,8.9
Younes Lidary,M35-39,Swim,0,3.4
Younes Lidary,M35-39,T1,1,1.0
Younes Lidary,M35-39,Bike,2,28.0
Younes Lidary,M35-39,T2,3,1.0
Younes Lidary,M35-39,Run,4,8.8
Mohammed SALIHOUN,M35-39,Swim,0,2.2
Mohammed SALIHOUN,M35-39,T1,1,1.0
Mohammed SALIHOUN,M35-39,Bike,2,27.8
Mohammed SALIHOUN,M35-39,T2,3,1.0
Mohammed SALIHOUN,M35-39,Run,4,10.2
youssef taifouri,M30-34,Swim,0,2.8
youssef taifouri,M30-34,T1,1,1.0
youssef taifouri,M30-34,Bike,2,27.0
youssef taifouri,M30-34,T2,3,1.0
youssef taifouri,M30-34,Run,4,10.3
Theyab Alhajeri,M35-39,Swim,0,2.5
Theyab Alhajeri,M35-39,T1,1,1.0
Theyab Alhajeri,M35-39,Bike,2,29.6
Theyab Alhajeri,M35-39,T2,3,1.0
Theyab Alhajeri,M35-39,Run,4,8.8
Souki Benchekroun,F30-34,Swim,0,3.0
Souki Benchekroun,F30-34,T1,1,1.0
Souki Benchekroun,F30-34,Bike,2,27.2
Souki Benchekroun,F30-34,T2,3,1.0
Souki Benchekroun,F30-34,Run,4,10.1
Amal Chaoui,F35-39,Swim,0,2.3
Amal Chaoui,F35-39,T1,1,1.0
Amal Chaoui,F35-39,Bike,2,29.8
Amal Chaoui,F35-39,T2,3,1.0
Amal Chaoui,F35-39,Run,4,9.2
EL MEHDI MANSOURA,M30-34,Swim,0,3.1
EL MEHDI MANSOURA,M30-34,T1,1,1.0
EL MEHDI MANSOURA,M30-34,Bike,2,28.1
EL MEHDI MANSOURA,M30-34,T2,3,1.0
EL MEHDI MANSOURA,M30-34,Run,4,9.1
KHALID SLASSI,M50-54,Swim,0,2.7
KHALID SLASSI,M50-54,T1,1,1.0
KHALID SLASSI,M50-54,Bike,2,28.6
KHALID SLASSI,M50-54,T2,3,1.0
KHALID SLASSI,M50-54,Run,4,7.7
ZOUBAIR ABDESSAMAD,M40-44,Swim,0,1.8
ZOUBAIR ABDESSAMAD,M40-44,T1,1,1.0
ZOUBAIR ABDESSAMAD,M40-44,Bike,2,28.1
ZOUBAIR ABDESSAMAD,M40-44,T2,3,1.0
ZOUBAIR ABDESSAMAD,M40-44,Run,4,10.2
Lewis Goldie,M25-29,Swim,0,3.3
Lewis Goldie,M25-29,T1,1,1.0
Lewis Goldie,M25-29,Bike,2,27.5
Lewis Goldie,M25-29,T2,3,1.0
Lewis Goldie,M25-29,Run,4,10.3
Meryem Ouarid,F40-44,Swim,0,3.0
Meryem Ouarid,F40-44,T1,1,1.0
Meryem Ouarid,F40-44,Bike,2,27.8
Meryem Ouarid,F40-44,T2,3,1.0
Meryem Ouarid,F40-44,Run,4,8.7
nasser elkheir,M30-34,Swim,0,2.0
nasser elkheir,M30-34,T1,1,1.0
nasser elkheir,M30-34,Bike,2,28.5
nasser elkheir,M30-34,T2,3,1.0
nasser elkheir,M30-34,Run,4,10.6
Saloua Belhabchia,F35-39,Swim,0,2.4
Saloua Belhabchia,F35-39,T1,1,1.0
Saloua Belhabchia,F35-39,Bike,2,27.7
Saloua Belhabchia,F35-39,T2,3,1.0
Saloua Belhabchia,F35-39,Run,4,10.2
DOMENICO PADUANO,M50-54,Swim,0,2.8
DOMENICO PADUANO,M50-54,T1,1,1.0
DOMENICO PADUANO,M50-54,Bike,2,26.8
DOMENICO PADUANO,M50-54,T2,3,1.0
DOMENICO PADUANO,M50-54,Run,4,7.9
Mireille Ruepert,F35-39,Swim,0,2.9
Mireille Ruepert,F35-39,T1,1,1.0
Mireille Ruepert,F35-39,Bike,2,31.7
Mireille Ruepert,F35-39,T2,3,1.0
Mireille Ruepert,F35-39,Run,4,7.9
Mohammed ELKOUHEN,M45-49,Swim,0,3.2
Mohammed ELKOUHEN,M45-49,T1,1,1.0
Mohammed ELKOUHEN,M45-49,Bike,2,28.0
Mohammed ELKOUHEN,M45-49,T2,3,1.0
Mohammed ELKOUHEN,M45-49,Run,4,8.0
Florian REBOUL,M40-44,Swim,0,2.6
Florian REBOUL,M40-44,T1,1,1.0
Florian REBOUL,M40-44,Bike,2,29.4
Florian REBOUL,M40-44,T2,3,1.0
Florian REBOUL,M40-44,Run,4,8.0
Samira Erraidi,F50-54,Swim,0,2.5
Samira Erraidi,F50-54,T1,1,1.0
Samira Erraidi,F50-54,Bike,2,26.5
Samira Erraidi,F50-54,T2,3,1.0
Samira Erraidi,F50-54,Run,4,8.4
Kristijonas Sidlauskas,M18-24,Swim,0,2.6
Kristijonas Sidlauskas,M18-24,T1,1,1.0
Kristijonas Sidlauskas,M18-24,Bike,2,29.5
Kristijonas Sidlauskas,M18-24,T2,3,1.0
Kristijonas Sidlauskas,M18-24,Run,4,9.7
SANAA NABIL,F45-49,Swim,0,2.5
SANAA NABIL,F45-49,T1,1,1.0
SANAA NABIL,F45-49,Bike,2,27.2
SANAA NABIL,F45-49,T2,3,1.0
SANAA NABIL,F45-49,Run,4,8.9
Meriem Tsunami Boutaib,F40-44,Swim,0,2.6
Meriem Tsunami Boutaib,F40-44,T1,1,1.0
Meriem Tsunami Boutaib,F40-44,Bike,2,25.6
Meriem Tsunami Boutaib,F40-44,T2,3,1.0
Meriem Tsunami Boutaib,F40-44,Run,4,10.0
Hollie Coe,F35-39,Swim,0,2.7
Hollie Coe,F35-39,T1,1,1.0
Hollie Coe,F35-39,Bike,2,26.8
Hollie Coe,F35-39,T2,3,1.0
Hollie Coe,F35-39,Run,4,9.7
Younes Boulben El Fallah,M50-54,Swim,0,2.4
Younes Boulben El Fallah,M50-54,T1,1,1.0
Younes Boulben El Fallah,M50-54,Bike,2,27.7
Younes Boulben El Fallah,M50-54,T2,3,1.0
Younes Boulben El Fallah,M50-54,Run,4,8.0
Jabrane AMARIR,M25-29,Swim,0,2.6
Jabrane AMARIR,M25-29,T1,1,1.0
Jabrane AMARIR,M25-29,Bike,2,29.4
Jabrane AMARIR,M25-29,T2,3,1.0
Jabrane AMARIR,M25-29,Run,4,9.3
Hind El Bakkali El Hassani,F35-39,Swim,0,3.4
Hind El Bakkali El Hassani,F35-39,T1,1,1.0
Hind El Bakkali El Hassani,F35-39,Bike,2,27.6
Hind El Bakkali El Hassani,F35-39,T2,3,1.0
Hind El Bakkali El Hassani,F35-39,Run,4,9.3
Amine Benkirane,M30-34,Swim,0,2.7
Amine Benkirane,M30-34,T1,1,1.0
Amine Benkirane,M30-34,Bike,2,30.0
Amine Benkirane,M30-34,T2,3,1.0
Amine Benkirane,M30-34,Run,4,8.3
Houda HADI,F35-39,Swim,0,2.5
Houda HADI,F35-39,T1,1,1.0
Houda HADI,F35-39,Bike,2,28.0
Houda HADI,F35-39,T2,3,1.0
Houda HADI,F35-39,Run,4,9.5
Ilyass Harrasse,M18-24,Swim,0,3.1
Ilyass Harrasse,M18-24,T1,1,1.0
Ilyass Harrasse,M18-24,Bike,2,26.9
Ilyass Harrasse,M18-24,T2,3,1.0
Ilyass Harrasse,M18-24,Run,4,10.1
Oscar Cruz-O'Dwyer,M18-24,Swim,0,3.8
Oscar Cruz-O'Dwyer,M18-24,T1,1,1.0
Oscar Cruz-O'Dwyer,M18-24,Bike,2,28.1
Oscar Cruz-O'Dwyer,M18-24,T2,3,1.0
Oscar Cruz-O'Dwyer,M18-24,Run,4,9.1
ABDELMOUNEIM AHID,M40-44,Swim,0,2.9
ABDELMOUNEIM AHID,M40-44,T1,1,1.0
ABDELMOUNEIM AHID,M40-44,Bike,2,28.5
ABDELMOUNEIM AHID,M40-44,T2,3,1.0
ABDELMOUNEIM AHID,M40-44,Run,4,8.0
HICHAM EL AZOUDY,M30-34,Swim,0,2.6
HICHAM EL AZOUDY,M30-34,T1,1,1.0
HICHAM EL AZOUDY,M30-34,Bike,2,29.3
HICHAM EL AZOUDY,M30-34,T2,3,1.0
HICHAM EL AZOUDY,M30-34,Run,4,8.7
Ali Lozzi,M30-34,Swim,0,2.6
Ali Lozzi,M30-34,T1,1,1.0
Ali Lozzi,M30-34,Bike,2,30.5
Ali Lozzi,M30-34,T2,3,1.0
Ali Lozzi,M30-34,Run,4,8.2
Fabio Cillario,M25-29,Swim,0,3.5
Fabio Cillario,M25-29,T1,1,1.0
Fabio Cillario,M25-29,Bike,2,24.9
Fabio Cillario,M25-29,T2,3,1.0
Fabio Cillario,M25-29,Run,4,10.9
Markus Leipelt,M40-44,Swim,0,2.8
Markus Leipelt,M40-44,T1,1,1.0
Markus Leipelt,M40-44,Bike,2,28.5
Markus Leipelt,M40-44,T2,3,1.0
Markus Leipelt,M40-44,Run,4,8.1
KARIMA LAAZIZ,F40-44,Swim,0,2.7
KARIMA LAAZIZ,F40-44,T1,1,1.0
KARIMA LAAZIZ,F40-44,Bike,2,26.6
KARIMA LAAZIZ,F40-44,T2,3,1.0
KARIMA LAAZIZ,F40-44,Run,4,9.0
Fatima Lahricha,F55-59,Swim,0,2.5
Fatima Lahricha,F55-59,T1,1,1.0
Fatima Lahricha,F55-59,Bike,2,25.0
Fatima Lahricha,F55-59,T2,3,1.0
Fatima Lahricha,F55-59,Run,4,8.1
Mehdi Bathily,M35-39,Swim,0,2.3
Mehdi Bathily,M35-39,T1,1,1.0
Mehdi Bathily,M35-39,Bike,2,26.7
Mehdi Bathily,M35-39,T2,3,1.0
Mehdi Bathily,M35-39,Run,4,9.7
Samir Ibourk,M40-44,Swim,0,2.5
Samir Ibourk,M40-44,T1,1,1.0
Samir Ibourk,M40-44,Bike,2,23.7
Samir Ibourk,M40-44,T2,3,1.0
Samir Ibourk,M40-44,Run,4,10.5
Hamid Kabbage,M40-44,Swim,0,2.1
Hamid Kabbage,M40-44,T1,1,1.0
Hamid Kabbage,M40-44,Bike,2,24.2
Hamid Kabbage,M40-44,T2,3,1.0
Hamid Kabbage,M40-44,Run,4,10.0
DIANE MARQUET DE VASSELOT,F25-29,Swim,0,2.8
DIANE MARQUET DE VASSELOT,F25-29,T1,1,1.0
DIANE MARQUET DE VASSELOT,F25-29,Bike,2,28.0
DIANE MARQUET DE VASSELOT,F25-29,T2,3,1.0
DIANE MARQUET DE VASSELOT,F25-29,Run,4,9.1
ILYASSE ACHAOUI,M25-29,Swim,0,2.5
ILYASSE ACHAOUI,M25-29,T1,1,1.0
ILYASSE ACHAOUI,M25-29,Bike,2,25.8
ILYASSE ACHAOUI,M25-29,T2,3,1.0
ILYASSE ACHAOUI,M25-29,Run,4,10.6
Yassir Elamrani,M25-29,Swim,0,2.9
Yassir Elamrani,M25-29,T1,1,1.0
Yassir Elamrani,M25-29,Bike,2,26.5
Yassir Elamrani,M25-29,T2,3,1.0
Yassir Elamrani,M25-29,Run,4,9.6
Chadia Saidi,F45-49,Swim,0,2.6
Chadia Saidi,F45-49,T1,1,1.0
Chadia Saidi,F45-49,Bike,2,25.1
Chadia Saidi,F45-49,T2,3,1.0
Chadia Saidi,F45-49,Run,4,8.8
Frédéric MONCOMBLE,M45-49,Swim,0,2.7
Frédéric MONCOMBLE,M45-49,T1,1,1.0
Frédéric MONCOMBLE,M45-49,Bike,2,28.3
Frédéric MONCOMBLE,M45-49,T2,3,1.0
Frédéric MONCOMBLE,M45-49,Run,4,6.8
zakaria boutraba,M25-29,Swim,0,2.3
zakaria boutraba,M25-29,T1,1,1.0
zakaria boutraba,M25-29,Bike,2,27.5
zakaria boutraba,M25-29,T2,3,1.0
zakaria boutraba,M25-29,Run,4,9.4
Adyl Melhaoui,M45-49,Swim,0,3.2
Adyl Melhaoui,M45-49,T1,1,1.0
Adyl Melhaoui,M45-49,Bike,2,27.5
Adyl Melhaoui,M45-49,T2,3,1.0
Adyl Melhaoui,M45-49,Run,4,6.9
REDA ELKOTBI,M40-44,Swim,0,2.4
REDA ELKOTBI,M40-44,T1,1,1.0
REDA ELKOTBI,M40-44,Bike,2,26.8
REDA ELKOTBI,M40-44,T2,3,1.0
REDA ELKOTBI,M40-44,Run,4,8.3
Andres Cester Robert,M30-34,Swim,0,2.8
Andres Cester Robert,M30-34,T1,1,1.0
Andres Cester Robert,M30-34,Bike,2,26.9
Andres Cester Robert,M30-34,T2,3,1.0
Andres Cester Robert,M30-34,Run,4,8.7
Hakim Charrat,M55-59,Swim,0,2.5
Hakim Charrat,M55-59,T1,1,1.0
Hakim Charrat,M55-59,Bike,2,24.3
Hakim Charrat,M55-59,T2,3,1.0
Hakim Charrat,M55-59,Run,4,7.4
Alexandre Ramrami,M35-39,Swim,0,2.4
Alexandre Ramrami,M35-39,T1,1,1.0
Alexandre Ramrami,M35-39,Bike,2,28.7
Alexandre Ramrami,M35-39,T2,3,1.0
Alexandre Ramrami,M35-39,Run,4,7.9
fouad ET-TAYYEBY,M40-44,Swim,0,2.1
fouad ET-TAYYEBY,M40-44,T1,1,1.0
fouad ET-TAYYEBY,M40-44,Bike,2,26.2
fouad ET-TAYYEBY,M40-44,T2,3,1.0
fouad ET-TAYYEBY,M40-44,Run,4,8.7
Caroline Gale,F45-49,Swim,0,2.6
Caroline Gale,F45-49,T1,1,1.0
Caroline Gale,F45-49,Bike,2,26.5
Caroline Gale,F45-49,T2,3,1.0
Caroline Gale,F45-49,Run,4,7.7
SALAH RABBAH,M35-39,Swim,0,1.9
SALAH RABBAH,M35-39,T1,1,1.0
SALAH RABBAH,M35-39,Bike,2,26.4
SALAH RABBAH,M35-39,T2,3,1.0
SALAH RABBAH,M35-39,Run,4,9.1
Aziz Allach,M45-49,Swim,0,2.4
Aziz Allach,M45-49,T1,1,1.0
Aziz Allach,M45-49,Bike,2,25.9
Aziz Allach,M45-49,T2,3,1.0
Aziz Allach,M45-49,Run,4,7.4
Natalia Esteba Torres,F30-34,Swim,0,2.9
Natalia Esteba Torres,F30-34,T1,1,1.0
Natalia Esteba Torres,F30-34,Bike,2,26.7
Natalia Esteba Torres,F30-34,T2,3,1.0
Natalia Esteba Torres,F30-34,Run,4,8.6
Liudvikas Kulvietis,M25-29,Swim,0,2.4
Liudvikas Kulvietis,M25-29,T1,1,1.0
Liudvikas Kulvietis,M25-29,Bike,2,29.7
Liudvikas Kulvietis,M25-29,T2,3,1.0
Liudvikas Kulvietis,M25-29,Run,4,8.0
Abderrahmane Marehoum,M30-34,Swim,0,2.5
Abderrahmane Marehoum,M30-34,T1,1,1.0
Abderrahmane Marehoum,M30-34,Bike,2,26.8
Abderrahmane Marehoum,M30-34,T2,3,1.0
Abderrahmane Marehoum,M30-34,Run,4,8.2
Naim Taibi,M30-34,Swim,0,2.7
Naim Taibi,M30-34,T1,1,1.0
Naim Taibi,M30-34,Bike,2,25.3
Naim Taibi,M30-34,T2,3,1.0
Naim Taibi,M30-34,Run,4,9.1
Ellie Morgan,F25-29,Swim,0,2.9
Ellie Morgan,F25-29,T1,1,1.0
Ellie Morgan,F25-29,Bike,2,28.2
Ellie Morgan,F25-29,T2,3,1.0
Ellie Morgan,F25-29,Run,4,7.8
Anbar Ayoujil,M30-34,Swim,0,2.8
Anbar Ayoujil,M30-34,T1,1,1.0
Anbar Ayoujil,M30-34,Bike,2,28.8
Anbar Ayoujil,M30-34,T2,3,1.0
Anbar Ayoujil,M30-34,Run,4,7.2
HOUDA AZMI,F30-34,Swim,0,2.8
HOUDA AZMI,F30-34,T1,1,1.0
HOUDA AZMI,F30-34,Bike,2,25.5
HOUDA AZMI,F30-34,T2,3,1.0
HOUDA AZMI,F30-34,Run,4,9.0
Mikael Gross,M30-34,Swim,0,2.8
Mikael Gross,M30-34,T1,1,1.0
Mikael Gross,M30-34,Bike,2,26.0
Mikael Gross,M30-34,T2,3,1.0
Mikael Gross,M30-34,Run,4,7.8
Anass El Mandili,M30-34,Swim,0,2.7
Anass El Mandili,M30-34,T1,1,1.0
Anass El Mandili,M30-34,Bike,2,26.7
Anass El Mandili,M30-34,T2,3,1.0
Anass El Mandili,M30-34,Run,4,8.0
MARDY ANAS,M25-29,Swim,0,2.7
MARDY ANAS,M25-29,T1,1,1.0
MARDY ANAS,M25-29,Bike,2,25.2
MARDY ANAS,M25-29,T2,3,1.0
MARDY ANAS,M25-29,Run,4,8.0
Hitesh Adwani,M35-39,Swim,0,2.2
Hitesh Adwani,M35-39,T1,1,1.0
Hitesh Adwani,M35-39,Bike,2,27.7
Hitesh Adwani,M35-39,T2,3,1.0
Hitesh Adwani,M35-39,Run,4,7.2
Younes Laklalech,M30-34,Swim,0,2.3
Younes Laklalech,M30-34,T1,1,1.0
Younes Laklalech,M30-34,Bike,2,25.3
Younes Laklalech,M30-34,T2,3,1.0
Younes Laklalech,M30-34,Run,4,7.6
Dimitri Neault,M25-29,Swim,0,2.6
Dimitri Neault,M25-29,T1,1,1.0
Dimitri Neault,M25-29,Bike,2,25.6
Dimitri Neault,M25-29,T2,3,1.0
Dimitri Neault,M25-29,Run,4,7.6
Maha IDRISSI AOUAD,F40-44,Swim,0,2.4
Maha IDRISSI AOUAD,F40-44,T1,1,1.0
Maha IDRISSI AOUAD,F40-44,Bike,2,22.9
Maha IDRISSI AOUAD,F40-44,T2,3,1.0
Maha IDRISSI AOUAD,F40-44,Run,4,8.1
CHARIF GHILANI,M18-24,Swim,0,2.5
CHARIF GHILANI,M18-24,T1,1,1.0
CHARIF GHILANI,M18-24,Bike,2,24.4
CHARIF GHILANI,M18-24,T2,3,1.0
CHARIF GHILANI,M18-24,Run,4,7.6
Manav Jain,M25-29,Swim,0,1.9
Manav Jain,M25-29,T1,1,1.0
Manav Jain,M25-29,Bike,2,22.6
Manav Jain,M25-29,T2,3,1.0
Manav Jain,M25-29,Run,4,8.7
Nada Charraoue,F25-29,Swim,0,2.5
Nada Charraoue,F25-29,T1,1,1.0
Nada Charraoue,F25-29,Bike,2,22.1
Nada Charraoue,F25-29,T2,3,1.0
Nada Charraoue,F25-29,Run,4,7.7
Issam EL-GHAFFOULI,M35-39,Swim,0,1.7
Issam EL-GHAFFOULI,M35-39,T1,1,1.0
Issam EL-GHAFFOULI,M35-39,Bike,2,23.4
Issam EL-GHAFFOULI,M35-39,T2,3,1.0
Issam EL-GHAFFOULI,M35-39,Run,4,7.1
Daniele Demartis,M50-54,Swim,0,
Daniele Demartis,M50-54,T1,1,1.0
Daniele Demartis,M50-54,Bike,2,
Daniele Demartis,M50-54,T2,3,1.0
Daniele Demartis,M50-54,Run,4,
Laurent Jalabert,M55-59,Swim,0,
Laurent Jalabert,M55-59,T1,1,1.0
Laurent Jalabert,M55-59,Bike,2,
Laurent Jalabert,M55-59,T2,3,1.0
Laurent Jalabert,M55-59,Run,4,
Jules ROY,M18-24,Swim,0,4.9
Jules ROY,M18-24,T1,1,1.0
Jules ROY,M18-24,Bike,2,
Jules ROY,M18-24,T2,3,1.0
Jules ROY,M18-24,Run,4,
Salem Alneyadi,M30-34,Swim,0,
Salem Alneyadi,M30-34,T1,1,1.0
Salem Alneyadi,M30-34,Bike,2,
Salem Alneyadi,M30-34,T2,3,1.0
Salem Alneyadi,M30-34,Run,4,
Aakash Singh,M50-54,Swim,0,
Aakash Singh,M50-54,T1,1,1.0
Aakash Singh,M50-54,Bike,2,
Aakash Singh,M50-54,T2,3,1.0
Aakash Singh,M50-54,Run,4,
Ahmed Majt,M40-44,Swim,0,
Ahmed Majt,M40-44,T1,1,1.0
Ahmed Majt,M40-44,Bike,2,
Ahmed Majt,M40-44,T2,3,1.0
Ahmed Majt,M40-44,Run,4,
M’hamed Chraibi,M40-44,Swim,0,
M’hamed Chraibi,M40-44,T1,1,1.0
M’hamed Chraibi,M40-44,Bike,2,
M’hamed Chraibi,M40-44,T2,3,1.0
M’hamed Chraibi,M40-44,Run,4,
Adam EL IDRISSI JALLAL,M25-29,Swim,0,1.9
Adam EL IDRISSI JALLAL,M25-29,T1,1,1.0
Adam EL IDRISSI JALLAL,M25-29,Bike,2,22.7
Adam EL IDRISSI JALLAL,M25-29,T2,3,1.0
Adam EL IDRISSI JALLAL,M25-29,Run,4,9.7
Hicham Benaamara,M40-44,Swim,0,
Hicham Benaamara,M40-44,T1,1,1.0
Hicham Benaamara,M40-44,Bike,2,
Hicham Benaamara,M40-44,T2,3,1.0
Hicham Benaamara,M40-44,Run,4,
Nadia Dadoun,F65-69,Swim,0,1.5
Nadia Dadoun,F65-69,T1,1,1.0
Nadia Dadoun,F65-69,Bike,2,
Nadia Dadoun,F65-69,T2,3,1.0
Nadia Dadoun,F65-69,Run,4,
Youssef TOUIL,M40-44,Swim,0,
Youssef TOUIL,M40-44,T1,1,1.0
Youssef TOUIL,M40-44,Bike,2,
Youssef TOUIL,M40-44,T2,3,1.0
Youssef TOUIL,M40-44,Run,4,
Tison Gregory,M50-54,Swim,0,
Tison Gregory,M50-54,T1,1,1.0
Tison Gregory,M50-54,Bike,2,
Tison Gregory,M50-54,T2,3,1.0
Tison Gregory,M50-54,Run,4,
Ludovic CHARASSE,M55-59,Swim,0,
Ludovic CHARASSE,M55-59,T1,1,1.0
Ludovic CHARASSE,M55-59,Bike,2,
Ludovic CHARASSE,M55-59,T2,3,1.0
Ludovic CHARASSE,M55-59,Run,4,
Serhane Mourad,M50-54,Swim,0,2.5
Serhane Mourad,M50-54,T1,1,1.0
Serhane Mourad,M50-54,Bike,2,26.0
Serhane Mourad,M50-54,T2,3,1.0
Serhane Mourad,M50-54,Run,4,
Jamal El Aoufi,M50-54,Swim,0,2.5
Jamal El Aoufi,M50-54,T1,1,1.0
Jamal El Aoufi,M50-54,Bike,2,
Jamal El Aoufi,M50-54,T2,3,1.0
Jamal El Aoufi,M50-54,Run,4,
Badr Darik,M35-39,Swim,0,
Badr Darik,M35-39,T1,1,1.0
Badr Darik,M35-39,Bike,2,
Badr Darik,M35-39,T2,3,1.0
Badr Darik,M35-39,Run,4,
Angelo Mullaliu,M30-34,Swim,0,
Angelo Mullaliu,M30-34,T1,1,1.0
Angelo Mullaliu,M30-34,Bike,2,
Angelo Mullaliu,M30-34,T2,3,1.0
Angelo Mullaliu,M30-34,Run,4,
samir lazrak,M40-44,Swim,0,
samir lazrak,M40-44,T1,1,1.0
samir lazrak,M40-44,Bike,2,
samir lazrak,M40-44,T2,3,1.0
samir lazrak,M40-44,Run,4,
Evgeny Ostrovsky,M40-44,Swim,0,
Evgeny Ostrovsky,M40-44,T1,1,1.0
Evgeny Ostrovsky,M40-44,Bike,2,
Evgeny Ostrovsky,M40-44,T2,3,1.0
Evgeny Ostrovsky,M40-44,Run,4,
Andy De Roover,M45-49,Swim,0,
Andy De Roover,M45-49,T1,1,1.0
Andy De Roover,M45-49,Bike,2,
Andy De Roover,M45-49,T2,3,1.0
Andy De Roover,M45-49,Run,4,
Rodrigo Morales,M45-49,Swim,0,2.7
Rodrigo Morales,M45-49,T1,1,1.0
Rodrigo Morales,M45-49,Bike,2,19.7
Rodrigo Morales,M45-49,T2,3,1.0
Rodrigo Morales,M45-49,Run,4,
Najib El Allouche,M40-44,Swim,0,
Najib El Allouche,M40-44,T1,1,1.0
Najib El Allouche,M40-44,Bike,2,
Najib El Allouche,M40-44,T2,3,1.0
Najib El Allouche,M40-44,Run,4,
Arthur Pereira,M25-29,Swim,0,
Arthur Pereira,M25-29,T1,1,1.0
Arthur Pereira,M25-29,Bike,2,
Arthur Pereira,M25-29,T2,3,1.0
Arthur Pereira,M25-29,Run,4,
Yassine Boussetta,M40-44,Swim,0,
Yassine Boussetta,M40-44,T1,1,1.0
Yassine Boussetta,M40-44,Bike,2,
Yassine Boussetta,M40-44,T2,3,1.0
Yassine Boussetta,M40-44,Run,4,
Claudia Schiewe,F60-64,Swim,0,
Claudia Schiewe,F60-64,T1,1,1.0
Claudia Schiewe,F60-64,Bike,2,
Claudia Schiewe,F60-64,T2,3,1.0
Claudia Schiewe,F60-64,Run,4,
Ismail Bouih,M35-39,Swim,0,
Ismail Bouih,M35-39,T1,1,1.0
Ismail Bouih,M35-39,Bike,2,
Ismail Bouih,M35-39,T2,3,1.0
Ismail Bouih,M35-39,Run,4,
TALAL ALSHAMARI,M45-49,Swim,0,
TALAL ALSHAMARI,M45-49,T1,1,1.0
TALAL ALSHAMARI,M45-49,Bike,2,
TALAL ALSHAMARI,M45-49,T2,3,1.0
TALAL ALSHAMARI,M45-49,Run,4,
Ahmed BAHIR,M40-44,Swim,0,
Ahmed BAHIR,M40-44,T1,1,1.0
Ahmed BAHIR,M40-44,Bike,2,
Ahmed BAHIR,M40-44,T2,3,1.0
Ahmed BAHIR,M40-44,Run,4,
MOHAMED FAWDI,M55-59,Swim,0,
MOHAMED FAWDI,M55-59,T1,1,1.0
MOHAMED FAWDI,M55-59,Bike,2,
MOHAMED FAWDI,M55-59,T2,3,1.0
MOHAMED FAWDI,M55-59,Run,4,
Rashed Alhajeri,M25-29,Swim,0,
Rashed Alhajeri,M25-29,T1,1,1.0
Rashed Alhajeri,M25-29,Bike,2,
Rashed Alhajeri,M25-29,T2,3,1.0
Rashed Alhajeri,M25-29,Run,4,
alain BINSINGER,M55-59,Swim,0,
alain BINSINGER,M55-59,T1,1,1.0
alain BINSINGER,M55-59,Bike,2,
alain BINSINGER,M55-59,T2,3,1.0
alain BINSINGER,M55-59,Run,4,
Younes Gianni Brignone,M35-39,Swim,0,
Younes Gianni Brignone,M35-39,T1,1,1.0
Younes Gianni Brignone,M35-39,Bike,2,
Younes Gianni Brignone,M35-39,T2,3,1.0
Younes Gianni Brignone,M35-39,Run,4,
Otmane Lazrak,M40-44,Swim,0,3.6
Otmane Lazrak,M40-44,T1,1,1.0
Otmane Lazrak,M40-44,Bike,2,36.0
Otmane Lazrak,M40-44,T2,3,1.0
Otmane Lazrak,M40-44,Run,4,17.9
Ahmed Achaach,M50-54,Swim,0,
Ahmed Achaach,M50-54,T1,1,1.0
Ahmed Achaach,M50-54,Bike,2,
Ahmed Achaach,M50-54,T2,3,1.0
Ahmed Achaach,M50-54,Run,4,
Philippe Van amme,M65-69,Swim,0,
Philippe Van amme,M65-69,T1,1,1.0
Philippe Van amme,M65-69,Bike,2,
Philippe Van amme,M65-69,T2,3,1.0
Philippe Van amme,M65-69,Run,4,
Phillip Pullen,M40-44,Swim,0,
Phillip Pullen,M40-44,T1,1,1.0
Phillip Pullen,M40-44,Bike,2,
Phillip Pullen,M40-44,T2,3,1.0
Phillip Pullen,M40-44,Run,4,
Karim Tadili,M30-34,Swim,0,
Karim Tadili,M30-34,T1,1,1.0
Karim Tadili,M30-34,Bike,2,
Karim Tadili,M30-34,T2,3,1.0
Karim Tadili,M30-34,Run,4,
Mark Cogan,M60-64,Swim,0,
Mark Cogan,M60-64,T1,1,1.0
Mark Cogan,M60-64,Bike,2,
Mark Cogan,M60-64,T2,3,1.0
Mark Cogan,M60-64,Run,4,
Tim Guillemet,M35-39,Swim,0,
Tim Guillemet,M35-39,T1,1,1.0
Tim Guillemet,M35-39,Bike,2,
Tim Guillemet,M35-39,T2,3,1.0
Tim Guillemet,M35-39,Run,4,
Dmitry Lisnevsky,M40-44,Swim,0,
Dmitry Lisnevsky,M40-44,T1,1,1.0
Dmitry Lisnevsky,M40-44,Bike,2,
Dmitry Lisnevsky,M40-44,T2,3,1.0
Dmitry Lisnevsky,M40-44,Run,4,
Youssef Aibar,M60-64,Swim,0,
Youssef Aibar,M60-64,T1,1,1.0
Youssef Aibar,M60-64,Bike,2,
Youssef Aibar,M60-64,T2,3,1.0
Youssef Aibar,M60-64,Run,4,
Luka Barzdaitė,F18-24,Swim,0,
Luka Barzdaitė,F18-24,T1,1,1.0
Luka Barzdaitė,F18-24,Bike,2,
Luka Barzdaitė,F18-24,T2,3,1.0
Luka Barzdaitė,F18-24,Run,4,
Laurent Delannoy,M60-64,Swim,0,
Laurent Delannoy,M60-64,T1,1,1.0
Laurent Delannoy,M60-64,Bike,2,
Laurent Delannoy,M60-64,T2,3,1.0
Laurent Delannoy,M60-64,Run,4,
Fouad Alikkane,M45-49,Swim,0,2.2
Fouad Alikkane,M45-49,T1,1,1.0
Fouad Alikkane,M45-49,Bike,2,26.1
Fouad Alikkane,M45-49,T2,3,1.0
Fouad Alikkane,M45-49,Run,4,
Khrystyna Salkova,F25-29,Swim,0,
Khrystyna Salkova,F25-29,T1,1,1.0
Khrystyna Salkova,F25-29,Bike,2,
Khrystyna Salkova,F25-29,T2,3,1.0
Khrystyna Salkova,F25-29,Run,4,
Franck Gérard,M55-59,Swim,0,
Franck Gérard,M55-59,T1,1,1.0
Franck Gérard,M55-59,Bike,2,
Franck Gérard,M55-59,T2,3,1.0
Franck Gérard,M55-59,Run,4,
Reda Slimani,M30-34,Swim,0,
Reda Slimani,M30-34,T1,1,1.0
Reda Slimani,M30-34,Bike,2,
Reda Slimani,M30-34,T2,3,1.0
Reda Slimani,M30-34,Run,4,
Javier Fernandez-Cabaleiro,M50-54,Swim,0,
Javier Fernandez-Cabaleiro,M50-54,T1,1,1.0
Javier Fernandez-Cabaleiro,M50-54,Bike,2,
Javier Fernandez-Cabaleiro,M50-54,T2,3,1.0
Javier Fernandez-Cabaleiro,M50-54,Run,4,
Mohammed Idrissi Serghini,M35-39,Swim,0,
Mohammed Idrissi Serghini,M35-39,T1,1,1.0
Mohammed Idrissi Serghini,M35-39,Bike,2,
Mohammed Idrissi Serghini,M35-39,T2,3,1.0
Mohammed Idrissi Serghini,M35-39,Run,4,
Loris Nazon,M35-39,Swim,0,3.5
Loris Nazon,M35-39,T1,1,1.0
Loris Nazon,M35-39,Bike,2,
Loris Nazon,M35-39,T2,3,1.0
Loris Nazon,M35-39,Run,4,
Mohamed Alromaithi,M35-39,Swim,0,
Mohamed Alromaithi,M35-39,T1,1,1.0
Mohamed Alromaithi,M35-39,Bike,2,
Mohamed Alromaithi,M35-39,T2,3,1.0
Mohamed Alromaithi,M35-39,Run,4,
Arnaitz Burgoa,M45-49,Swim,0,4.0
Arnaitz Burgoa,M45-49,T1,1,1.0
Arnaitz Burgoa,M45-49,Bike,2,
Arnaitz Burgoa,M45-49,T2,3,1.0
Arnaitz Burgoa,M45-49,Run,4,
Hatim Boukhris,M45-49,Swim,0,
Hatim Boukhris,M45-49,T1,1,1.0
Hatim Boukhris,M45-49,Bike,2,
Hatim Boukhris,M45-49,T2,3,1.0
Hatim Boukhris,M45-49,Run,4,
Amine Saydy,M40-44,Swim,0,5.5
Amine Saydy,M40-44,T1,1,1.0
Amine Saydy,M40-44,Bike,2,31.4
Amine Saydy,M40-44,T2,3,1.0
Amine Saydy,M40-44,Run,4,22.9
Arnas Stasiulis,M18-24,Swim,0,
Arnas Stasiulis,M18-24,T1,1,1.0
Arnas Stasiulis,M18-24,Bike,2,
Arnas Stasiulis,M18-24,T2,3,1.0
Arnas Stasiulis,M18-24,Run,4,
Imane Atif,F35-39,Swim,0,2.4
Imane Atif,F35-39,T1,1,1.0
Imane Atif,F35-39,Bike,2,
Imane Atif,F35-39,T2,3,1.0
Imane Atif,F35-39,Run,4,
Karim Bahbah,M35-39,Swim,0,
Karim Bahbah,M35-39,T1,1,1.0
Karim Bahbah,M35-39,Bike,2,
Karim Bahbah,M35-39,T2,3,1.0
Karim Bahbah,M35-39,Run,4,
Olivier Robin,M60-64,Swim,0,
Olivier Robin,M60-64,T1,1,1.0
Olivier Robin,M60-64,Bike,2,
Olivier Robin,M60-64,T2,3,1.0
Olivier Robin,M60-64,Run,4,
Abdulla Shaheen Alkaabi,M35-39,Swim,0,
Abdulla Shaheen Alkaabi,M35-39,T1,1,1.0
Abdulla Shaheen Alkaabi,M35-39,Bike,2,
Abdulla Shaheen Alkaabi,M35-39,T2,3,1.0
Abdulla Shaheen Alkaabi,M35-39,Run,4,
Thomas Maximilian Ablinger-Palla,M30-34,Swim,0,
Thomas Maximilian Ablinger-Palla,M30-34,T1,1,1.0
Thomas Maximilian Ablinger-Palla,M30-34,Bike,2,
Thomas Maximilian Ablinger-Palla,M30-34,T2,3,1.0
Thomas Maximilian Ablinger-Palla,M30-34,Run,4,
Marc Fioriti,M30-34,Swim,0,
Marc Fioriti,M30-34,T1,1,1.0
Marc Fioriti,M30-34,Bike,2,
Marc Fioriti,M30-34,T2,3,1.0
Marc Fioriti,M30-34,Run,4,
Andrea Meloni,M50-54,Swim,0,
Andrea Meloni,M50-54,T1,1,1.0
Andrea Meloni,M50-54,Bike,2,
Andrea Meloni,M50-54,T2,3,1.0
Andrea Meloni,M50-54,Run,4,
