date,Activity Name,dist_km,pace_min_km
2025-05-25 10:08:49,7 km,7.0,7.9
2025-05-29 06:03:50,Morning Run,6.8,6.86
2025-06-01 06:15:02,Morning Run,7.0,6.69
2025-06-03 06:36:58,Morning Run,8.1,6.98
2025-06-08 06:52:35,Morning Trail Run,9.0,6.63
2025-06-13 07:07:20,Morning Trail Run,10.5,7.13
2025-06-15 09:08:49,Lunch Trail Run,11.0,7.63
2025-06-22 08:42:06,Lunch Trail Run,13.9,7.28
2025-06-25 19:21:47,Night Trail Run,10.2,6.8
2025-06-28 08:47:57,Morning Trail Run,4.2,6.35
2025-06-29 19:00:20,Evening Trail Run,6.1,7.43
2025-07-01 07:28:58,Morning Trail Run,5.0,6.37
2025-07-28 05:22:54,Easy run,3.5,6.7
2025-07-30 05:31:58,Light morning run,8.3,6.67
2025-08-01 05:58:50,Light morning run,10.0,6.58
2025-08-04 06:19:00,Light 6k morning run,6.0,5.95
2025-08-07 19:52:51,Night Run,7.0,6.82
2025-08-08 19:45:17,Night Run,9.6,5.91
2025-08-10 08:17:14,Heat Run,9.2,6.6
2025-08-12 19:41:10,Night Run,3.4,6.28
2025-08-18 06:20:43,7 km*,5.0,9.44
2025-08-20 20:49:48,8x tempo night run W 90 min rest in between,6.4,6.12
2025-08-22 20:49:40,Brick 20 mins,3.5,5.92
2025-08-24 09:29:55,5km Brick run,3.4,12.67
2025-08-29 06:11:10,Morning Run,4.0,5.41
2025-08-30 06:27:50,Morning Run,20.1,6.84
2025-09-03 05:08:46,Morning Run,5.0,6.33
2025-09-03 19:40:56,Night Run,3.9,8.87
2025-09-07 06:47:33,Morning Run,14.9,5.92
2025-09-09 19:12:39,Night Run,6.2,6.09
2025-09-13 18:06:16,Evening Run,7.8,7.82
2025-09-21 08:02:39,Long run,19.4,6.91
2025-09-27 08:30:17,Morning Run,3.5,5.45
2025-09-28 21:32:16,Night Run,9.9,5.89
2025-10-01 08:00:30,Morning treadmill run,6.8,4.4
2025-10-03 08:55:22,3 weeks out 🔥,6.7,5.49
2025-10-08 21:36:00,Night Run,7.6,5.99
2025-10-12 12:47:02,Afternoon Run,3.9,5.65
2025-10-12 19:52:22,Night Run,7.7,6.84
2025-10-17 08:04:42,Recovery run,3.7,7.52
2025-10-19 19:05:09,7days out,7.4,5.43
2025-11-03 07:36:15,Recovery run,3.8,6.28
2025-11-09 07:13:24,Morning Run,15.9,6.82
2025-11-12 18:11:18,Evening Run,5.2,5.6
2025-11-16 07:54:32,21 marathon,21.7,5.95
2025-12-24 18:12:07,Post recovery run,3.9,5.84
2025-12-28 08:40:51,Morning treadmill run,7.1,7.0
2026-01-02 20:00:56,Night run + mobility,7.1,7.0
2026-01-04 14:20:00,Sunday long run,8.6,7.0
2026-01-05 10:48:32,30 min Z2 run + mobility,4.3,7.0
2026-01-08 15:17:20,Brick run,4.3,7.0
2026-01-09 21:02:54,Night aerobic run,4.0,7.5
2026-01-11 11:15:42,Sunday long run 10% weekly increase + mobilty,10.0,7.0
2026-01-13 07:20:00,Early morning run,4.3,7.0
2026-01-15 21:20:07,Brick run + mobility,4.3,7.05
2026-01-16 20:15:48,Night run z2 + mobility,4.3,7.0
2026-01-18 16:46:58,Long run 10% increase + mobility,11.5,6.97
2026-01-22 17:23:53,Brick run z2,3.3,6.05
2026-01-25 17:16:16,End of 20% decrease week long run + mobility,10.0,6.0
2026-01-26 17:18:32,Start of increase week Z2 run+ mobilty,3.4,7.03
2026-01-29 11:38:00,Brick run,3.3,6.0
2026-01-30 16:53:27,Easy Run + mobility,5.0,6.0
2026-02-02 16:22:03,Easy run z2 + mobility,5.0,6.0
2026-02-06 20:46:44,Sweet spot run + mobilty,6.0,5.0
2026-02-08 15:11:14,Long run 10%increase + mobilty /stretching,15.0,6.0
2026-02-15 06:52:49,Half marathon,22.1,6.64
2026-02-21 00:28:38,Z2 easy run,3.3,6.0
2026-02-24 01:04:53,Easy run z2,3.5,5.75
2026-03-14 02:33:16,Rabat run in jeans,3.7,9.16
2026-03-16 17:07:43,Afternoon run,6.4,6.3
2026-03-24 06:13:32,Morning Run,4.2,6.0
2026-03-26 06:22:04,Morning easy run,4.3,6.78
2026-03-29 09:01:46,10 kms marathon,10.1,5.12
2026-04-05 07:04:42,Morning Run,7.8,8.16
2026-04-09 10:38:26,27 mins recovery run,3.9,7.0
2026-04-12 07:33:13,Marathon 10 km,10.0,5.64
2026-04-14 06:26:58,Recovery run,5.4,7.29
2026-04-15 15:53:10,Easy run,7.4,9.21
2026-04-20 20:56:04,Night run,4.5,6.67
2026-04-23 05:36:13,Warmup,4.0,7.59
2026-04-25 06:57:50,Long run + reward ;),15.6,9.01
2026-04-27 06:24:25,Easy run,3.4,8.95
2026-04-28 07:13:00,2km+ 15 mins tempo+ 1km easy,6.0,6.84
2026-04-29 10:13:27,Easy run,4.0,6.97
2026-04-30 06:39:55,Warmup,4.0,8.58
2026-05-02 07:38:36,Easy run,4.0,5.72
2026-05-03 09:39:20,Long run,14.3,6.09
2026-05-06 05:29:03,Easy run,5.0,5.59
2026-05-10 06:39:57,Long run,20.8,6.19
2026-05-12 20:26:04,Tempo run,7.8,4.75
2026-05-13 08:49:05,Easy run,5.6,5.61
2026-05-15 06:00:13,Easy + tempo,10.3,5.63
2026-05-17 08:10:10,Long run,21.0,6.85
2026-05-19 09:41:46,Easy run,10.0,6.0
2026-05-20 08:21:49,Easy run,4.4,6.01
2026-05-21 05:52:40,2 k Easy + 5 x 1 km tempo,7.0,6.42
2026-05-23 12:48:57,Easy run,5.0,6.0
2026-05-24 06:55:24,Long run,22.0,7.34
2026-05-28 17:13:28,Tempo,7.9,5.83
2026-05-29 14:29:35,Easy run,10.0,6.0
2026-05-30 19:25:13,Evening Run,4.2,6.0
2026-05-31 07:48:34,Long run,14.3,6.24
2026-06-03 06:28:07,Easy run,6.6,5.41
2026-06-05 04:42:00,Easy + interval 400*8,12.8,7.54
2026-06-06 20:19:21,Easy run,5.0,6.0
2026-06-07 05:02:24,19.29+7.46 long run,19.3,7.15
2026-06-07 07:21:30,26.75 long run,7.5,6.27
2026-06-09 06:59:58,Morning recovery run,4.0,7.0
2026-06-15 07:03:00,Morning Run,8.0,5.53
2026-06-16 14:02:23,Afternoon Run,3.3,6.0
2026-06-22 06:31:44,Morning Run,5.9,5.86
2026-06-24 05:43:30,Morning Run,12.0,6.42
2026-07-03 05:53:17,Morning Run,6.5,5.95
2026-07-07 19:45:42,Evening Run,5.0,9.95
2026-07-11 05:49:04,Morning Run,10.2,5.67
