Bib,Name,Country,Gender,Division,Overall Time,Overall Rank,Gender Rank,Age Group Rank,Swim Time,Swim Rank,Gender Swim Rank,Age Group Swim Rank,Bike Time,Bike Rank,Gender Bike Rank,Age Group Bike Rank,Run Time,Run Rank,Gender Run Rank,Age Group Run Rank,Transition 1 Time,Transition 1 Rank,Gender Transition 1 Rank,Age Group Transition 1 Rank,Transition 2 Time,Transition 2 Rank,Gender Transition 2 Rank,Age Group Transition 2 Rank,Finish,Qualifier Time,Qualifier Rank,Gender Qualifier Rank,Qualified
31,Christophe Halleumieux,France,Male,M50-54,04:18:51,11,11,1,00:29:24,48,47,5,02:16:54,13,13,1,01:28:16,24,24,1,00:2:33,6,6,1,00:1:44,60,53,4,FIN,03:48:38,1,1,1
251,Korbinian Rudzki,Germany,Male,M30-34,04:02:54,3,3,1,00:27:32,17,17,5,02:12:53,4,4,1,01:18:08,1,1,1,00:2:37,11,11,2,00:1:43,56,50,6,FIN,03:54:31,2,2,1
501,Burkhard Schmidt,Germany,Male,M65-69,05:09:43,151,143,1,00:31:33,94,89,1,02:39:34,153,146,1,01:51:11,190,178,1,00:3:13,53,46,1,00:4:13,381,335,5,FIN,03:56:37,3,3,1
5,Andreas Bund,Germany,Male,M55-59,04:38:13,49,49,1,00:33:13,132,123,7,02:27:20,59,59,3,01:31:37,44,44,1,00:4:23,146,128,10,00:1:40,52,47,3,FIN,03:58:17,4,4,1
529,Alejandro Lopez Valenciano,Spain,Male,M35-39,04:11:09,6,6,1,00:28:26,28,28,4,02:15:09,7,7,1,01:22:30,5,5,2,00:3:37,82,72,10,00:1:28,24,23,4,FIN,03:58:35,5,5,1
307,Sandro Silva,Portugal,Male,M35-39,04:11:20,7,7,2,00:27:26,16,16,2,02:16:47,12,12,2,01:22:14,4,4,1,00:3:12,47,41,7,00:1:40,51,46,8,FIN,03:58:46,6,6,1
563,Ronan Leboulch,France,Male,M60-64,04:52:07,95,90,1,00:27:38,18,18,1,02:27:59,61,61,1,01:51:54,197,185,5,00:2:50,23,20,1,00:1:46,65,58,3,FIN,03:59:18,7,7,1
466,Fernando Carmo,Portugal,Male,M55-59,04:39:36,55,55,2,00:33:31,142,132,8,02:21:02,26,26,1,01:38:35,90,87,4,00:3:53,98,86,4,00:2:35,200,177,10,FIN,03:59:28,8,8,1
172,Diogo Allen Coelho,Portugal,Male,M25-29,04:01:56,1,1,1,00:27:46,19,19,3,02:06:35,1,1,1,01:23:54,9,9,2,00:2:34,7,7,1,00:1:06,5,5,2,FIN,04:00:12,9,9,1
326,Renaud Brunet,France,Male,M40-44,04:19:52,12,12,1,00:28:44,34,34,6,02:21:09,29,29,5,01:24:43,10,10,1,00:3:26,65,57,13,00:1:49,68,61,12,FIN,04:00:41,10,10,1
370,Tom Vangeneugden,Belgium,Male,M40-44,04:20:23,15,15,2,00:22:27,1,1,1,02:24:13,42,42,10,01:29:03,27,27,3,00:2:52,25,22,4,00:1:47,67,60,11,FIN,04:01:10,11,11,1
460,Gilles Salle,France,Male,M50-54,04:33:10,37,37,2,00:31:17,88,83,9,02:20:25,24,24,2,01:36:21,73,72,4,00:3:30,71,62,6,00:1:37,42,38,2,FIN,04:01:17,12,12,1
371,Erik Vanhove,Belgium,Male,M40-44,04:21:06,18,18,3,00:29:05,40,39,8,02:21:45,30,30,6,01:25:34,14,14,2,00:3:05,35,32,9,00:1:36,40,37,8,FIN,04:01:49,13,13,1
160,Charly Ramel,France,Male,M18-24,04:02:40,2,2,1,00:24:38,4,4,2,02:11:56,3,3,2,01:21:56,3,3,1,00:2:28,4,4,4,00:1:42,54,49,6,FIN,04:02:40,14,14,1
486,Massimo Argiolas,Italy,Male,M60-64,04:56:48,106,101,2,00:31:14,85,80,2,02:31:20,83,82,2,01:47:22,173,163,4,00:3:47,92,82,3,00:3:04,260,235,8,FIN,04:03:08,15,15,1
415,Redouane Aissa,Morocco,Male,M45-49,04:30:53,36,36,1,00:31:03,81,76,11,02:25:39,52,52,4,01:29:15,29,29,1,00:3:12,48,42,3,00:1:43,57,51,6,FIN,04:03:11,16,16,1
196,Michele Ghidini,Italy,Male,M25-29,04:05:14,5,5,2,00:26:46,11,11,2,02:16:15,10,10,3,01:18:14,2,2,1,00:2:37,12,12,2,00:1:24,18,17,5,FIN,04:03:29,17,17,1
23,Luca Liuzzi,Italy,Male,M40-44,04:23:28,22,22,4,00:30:11,72,69,14,02:15:59,9,9,1,01:33:10,56,56,12,00:2:29,5,5,1,00:1:39,49,44,9,FIN,04:04:01,18,18,1
467,Steven Chaid,United States,Male,M55-59,04:45:03,64,64,3,00:29:35,53,52,2,02:30:10,73,73,5,01:39:36,104,98,5,00:3:36,79,70,2,00:2:05,107,92,6,FIN,04:04:08,19,19,1
146,Gaël Bosc,France,Male,M18-24,04:04:11,4,4,2,00:23:13,2,2,1,02:10:56,2,2,1,01:26:41,22,22,6,00:2:13,1,1,1,00:1:08,8,8,3,FIN,04:04:11,20,20,1
6,Aziz Mimouni,France,Male,M55-59,04:46:10,71,70,4,00:31:26,91,86,4,02:31:27,85,84,6,01:37:43,87,84,3,00:3:40,83,73,3,00:1:54,83,74,5,FIN,04:05:06,21,21,1
40,Dominic Wimmer,Germany,Male,M40-44,04:25:09,25,25,5,00:27:23,15,15,4,02:21:46,31,31,7,01:30:30,38,38,6,00:3:30,70,61,15,00:2:00,96,83,17,FIN,04:05:34,22,22,1
537,Nicholas Francuz,Australia,Male,M40-44,04:25:26,27,27,6,00:30:09,70,68,13,02:20:22,23,23,4,01:30:26,37,37,5,00:2:58,29,26,5,00:1:31,29,27,4,FIN,04:05:50,23,23,1
4,Carlos Mora,Andorra,Male,M50-54,04:38:40,51,51,3,00:31:40,95,90,11,02:24:57,48,48,5,01:36:57,76,74,5,00:2:47,18,17,2,00:2:19,154,137,11,FIN,04:06:08,24,24,1
36,Jose Valls Santos,Spain,Male,M60-64,05:01:03,120,114,3,00:31:15,87,82,3,02:43:24,190,180,9,01:41:20,116,109,2,00:3:28,67,59,2,00:1:37,45,41,2,FIN,04:06:37,25,25,1
303,Vincent Pennec,France,Male,M35-39,04:20:39,17,17,3,00:32:27,112,104,14,02:21:04,27,27,5,01:23:15,6,6,3,00:2:46,16,15,2,00:1:07,7,7,2,FIN,04:07:37,26,26,1
532,Miguel Arbelo Navarro,Spain,Male,M40-44,04:27:41,30,30,7,00:26:43,10,10,3,02:25:43,53,53,12,01:30:40,39,39,7,00:3:11,45,39,11,00:1:24,20,19,3,FIN,04:07:55,27,27,1
34,Oliviera Coutinho Domingo,France,Male,M55-59,04:50:02,88,85,5,00:34:39,176,162,10,02:32:28,92,90,7,01:36:58,77,75,2,00:4:05,117,102,6,00:1:51,73,65,4,FIN,04:08:24,28,28,1
422,John Vaughan,Ireland,Male,M45-49,04:37:22,45,45,2,00:29:11,43,42,4,02:24:47,46,46,3,01:37:01,78,76,5,00:4:32,161,140,14,00:1:51,72,64,8,FIN,04:09:01,29,29,1
488,Pablo Cabeza Sánchez,Spain,Male,M60-64,05:04:18,136,128,4,00:33:12,131,122,5,02:31:25,84,83,3,01:52:02,198,186,6,00:4:02,111,96,5,00:3:38,338,296,10,FIN,04:09:16,30,30,
454,Asier Oiartzabal Garmendia,Spain,Male,M50-54,04:42:48,59,59,4,00:28:25,26,26,2,02:22:12,32,32,3,01:47:03,169,159,14,00:2:56,28,25,3,00:2:13,129,112,9,FIN,04:09:47,31,31,
485,Philippe Albos,France,Male,M60-64,05:05:11,139,131,5,00:33:40,145,134,8,02:40:11,160,152,6,01:42:00,121,114,3,00:6:26,323,286,12,00:2:54,244,219,6,FIN,04:10:00,32,32,
423,Ben Weir,United Kingdom,Male,M45-49,04:38:29,50,50,3,00:28:54,36,36,3,02:28:08,63,63,6,01:35:46,69,68,4,00:3:30,72,63,5,00:2:11,126,109,15,FIN,04:10:01,33,33,
496,Ian Thomas,United Kingdom,Male,M60-64,05:05:27,140,132,6,00:36:55,250,227,12,02:41:24,171,162,7,01:39:22,100,95,1,00:5:16,231,204,7,00:2:30,189,168,5,FIN,04:10:13,34,34,
221,Simon Beckers,Belgium,Male,M30-34,04:19:54,13,13,2,00:24:10,3,3,1,02:15:53,8,8,2,01:34:07,61,60,15,00:4:12,127,110,16,00:1:33,37,34,3,FIN,04:10:56,35,35,
443,Menno Feulner,Germany,Male,M50-54,04:44:37,62,62,5,00:27:53,21,21,1,02:25:34,51,51,6,01:44:10,143,135,12,00:4:05,116,101,10,00:2:55,246,221,24,FIN,04:11:24,36,36,
254,Jeremy Sannier,France,Male,M30-34,04:20:26,16,16,3,00:26:11,9,9,2,02:16:41,11,11,3,01:32:19,49,49,13,00:3:25,63,56,8,00:1:50,69,62,8,FIN,04:11:26,37,37,
38,Gwenaël Marchand,France,Male,M45-49,04:40:29,56,56,4,00:32:45,118,109,16,02:22:46,35,35,1,01:40:18,109,102,9,00:3:12,49,43,4,00:1:28,26,25,3,FIN,04:11:49,38,38,
447,Piotr Kazmierczak,Poland,Male,M50-54,04:46:00,70,69,6,00:33:13,133,124,16,02:23:31,40,40,4,01:42:48,129,122,9,00:3:18,58,51,5,00:3:10,272,245,27,FIN,04:12:37,39,39,
1,Maxence Dion,France,Male,M18-24,04:12:42,8,8,3,00:24:44,5,5,3,02:20:29,25,25,6,01:23:19,7,7,2,00:2:46,15,14,5,00:1:24,19,18,4,FIN,04:12:42,40,40,
61,Mohamed Ali Bani,Tunisia,Male,M40-44,04:33:34,38,38,8,00:28:37,32,32,5,02:26:23,58,58,14,01:32:58,55,55,11,00:2:58,30,27,6,00:2:39,209,186,46,FIN,04:13:22,41,41,
147,Ewen Cadoret,France,Male,M18-24,04:13:34,9,9,4,00:28:17,24,24,5,02:14:43,6,6,3,01:26:20,18,18,5,00:3:20,59,52,10,00:0:55,2,2,1,FIN,04:13:34,42,42,
518,Zakaria Hssiki,Morocco,Male,M30-34,04:23:20,21,21,4,00:27:09,13,13,3,02:26:03,56,56,8,01:25:28,12,12,3,00:2:34,8,8,1,00:2:05,106,91,12,FIN,04:14:14,43,43,
8,Zeus Lopez Perez,Spain,Male,M35-39,04:28:08,31,31,4,00:26:50,12,12,1,02:17:48,16,16,3,01:39:13,98,94,16,00:2:47,17,16,3,00:1:31,30,28,5,FIN,04:14:43,44,44,
558,Raphaël Triquet,France,Male,M50-54,04:48:53,78,77,7,00:31:41,96,91,12,02:27:23,60,60,7,01:44:51,148,140,13,00:3:44,87,77,8,00:1:15,10,10,1,FIN,04:15:10,45,45,
521,James Long,United Kingdom,Male,M30-34,04:24:39,23,23,5,00:34:00,152,140,15,02:18:09,17,17,4,01:27:31,23,23,9,00:2:45,14,13,3,00:2:13,128,111,16,FIN,04:15:31,46,46,
384,Rachid Bettache,Morocco,Male,M45-49,04:45:07,66,66,5,00:28:26,29,29,1,02:24:39,45,45,2,01:45:31,160,152,14,00:4:39,173,151,16,00:1:52,75,67,9,FIN,04:15:58,47,47,
19,Alexandre Boucher,France,Male,M30-34,04:25:11,26,26,6,00:28:32,31,31,6,02:25:48,55,55,7,01:25:41,15,15,4,00:3:47,90,80,11,00:1:23,16,15,1,FIN,04:16:02,48,48,
408,Rob Marshall,United Kingdom,Male,M45-49,04:45:13,68,68,6,00:34:58,190,173,24,02:30:28,77,77,9,01:34:16,62,61,3,00:4:04,115,100,10,00:1:27,23,22,2,FIN,04:16:04,49,49,
25,Olivier Vancraeynest,Belgium,Male,M40-44,04:36:38,43,43,9,00:36:24,235,214,41,02:17:07,14,14,2,01:37:59,88,85,19,00:3:10,41,37,10,00:1:58,91,80,16,FIN,04:16:13,50,50,
26,David Benard,France,Male,M45-49,04:46:18,72,71,7,00:29:22,47,46,6,02:26:05,57,57,5,01:45:31,161,153,15,00:3:11,46,40,2,00:2:07,114,98,13,FIN,04:17:02,51,51,
469,Frederick Chevalier,France,Male,M55-59,05:00:22,115,109,6,00:34:02,154,142,9,02:28:57,66,66,4,01:51:33,194,182,7,00:4:19,136,118,9,00:1:31,33,30,2,FIN,04:17:15,52,52,
533,Yassine Bennis,Morocco,Male,M40-44,04:37:49,47,47,10,00:29:05,41,40,9,02:31:14,82,81,17,01:32:37,52,52,9,00:3:21,61,54,12,00:1:32,36,33,6,FIN,04:17:18,53,53,
542,Hicham Sadiqui,Morocco,Male,M40-44,04:37:51,48,48,11,00:36:26,237,216,42,02:22:22,33,33,8,01:31:16,41,41,8,00:4:44,177,155,34,00:3:03,257,232,56,FIN,04:17:20,54,54,
30,Michaël Bruneau,Belgium,Male,M50-54,04:51:33,92,87,8,00:33:11,130,121,15,02:29:18,67,67,9,01:43:18,138,130,11,00:3:35,77,68,7,00:2:10,122,106,8,FIN,04:17:31,55,55,
442,El Mehdi El Idrissi,Morocco,Male,M50-54,04:51:41,93,88,9,00:37:29,269,244,29,02:28:06,62,62,8,01:37:41,85,82,6,00:5:57,292,259,29,00:2:28,181,162,13,FIN,04:17:38,56,56,
252,Erik Saey,Belgium,Male,M30-34,04:26:54,29,29,7,00:32:46,119,110,11,02:24:18,43,43,5,01:23:34,8,8,2,00:4:23,145,127,20,00:1:54,81,72,9,FIN,04:17:41,57,57,
16,Elke Dom,Belgium,Female,F50-54,04:45:59,69,1,1,00:30:09,71,3,1,02:31:06,80,1,1,01:39:55,106,7,2,00:3:07,38,4,2,00:1:42,55,6,1,FIN,04:17:50,58,1,1
28,Issam Eddamsiri,Morocco,Male,M45-49,04:47:26,73,72,8,00:34:01,153,141,21,02:36:28,122,119,18,01:29:23,30,30,2,00:5:00,204,179,21,00:2:34,199,176,23,FIN,04:18:03,59,58,
175,Lloyd Bärtschi,Switzerland,Male,M25-29,04:19:56,14,14,3,00:27:56,22,22,5,02:17:38,15,15,4,01:30:11,34,34,7,00:2:50,21,18,3,00:1:20,12,12,3,FIN,04:18:05,60,59,
327,Cedric Chabaneix,Morocco,Male,M40-44,04:38:53,52,52,12,00:29:07,42,41,10,02:24:21,44,44,11,01:40:51,114,107,24,00:3:01,32,29,7,00:1:34,38,35,7,FIN,04:18:18,61,60,
375,Tarek Alioua,Morocco,Male,M45-49,04:47:49,75,74,9,00:32:09,108,100,13,02:29:36,69,69,8,01:39:26,101,96,7,00:4:25,150,131,13,00:2:13,130,113,16,FIN,04:18:24,62,61,
148,nathan castex,France,Male,M18-24,04:18:30,10,10,5,00:25:50,8,8,4,02:23:50,41,41,10,01:25:26,11,11,3,00:2:18,2,2,2,00:1:04,4,4,2,FIN,04:18:30,63,62,
478,Johann Hiebler,Austria,Male,M60-64,05:15:59,171,159,7,00:35:07,195,176,9,02:34:31,107,104,4,01:57:10,240,220,7,00:6:17,309,273,11,00:2:55,245,220,7,FIN,04:18:51,64,63,
247,Javier Mira,Spain,Male,M30-34,04:28:26,32,32,8,00:27:15,14,14,4,02:24:55,47,47,6,01:31:02,40,40,11,00:3:36,78,69,9,00:1:38,47,42,5,FIN,04:19:10,65,64,
477,David Harinck,Belgium,Male,M55-59,05:02:42,128,120,7,00:28:23,25,25,1,02:23:00,36,36,2,02:03:44,300,272,11,00:4:17,134,116,7,00:3:18,293,261,14,FIN,04:19:15,66,65,
32,Vincent Jaud,France,Male,M50-54,04:53:35,96,91,10,00:33:05,126,117,14,02:29:38,70,70,10,01:40:08,108,101,7,00:6:58,353,310,33,00:3:46,350,307,33,FIN,04:19:19,67,66,
314,Sebastian Arndt,Germany,Male,M40-44,04:40:57,58,58,13,00:30:58,80,75,15,02:30:11,74,74,15,01:34:04,59,58,13,00:2:51,24,21,3,00:2:53,242,217,54,FIN,04:20:12,68,67,
455,Hicham Oussi,Morocco,Male,M50-54,04:54:51,99,94,11,00:31:24,90,85,10,02:39:57,158,150,17,01:34:53,66,65,2,00:4:56,199,175,20,00:3:41,340,298,32,FIN,04:20:26,69,68,
193,Théo Fernandez,France,Male,M25-29,04:22:41,19,19,4,00:29:25,49,48,6,02:18:12,18,18,5,01:29:56,32,32,5,00:3:45,88,78,8,00:1:22,15,14,4,FIN,04:20:49,70,69,
507,Daurian Garrandes,France,Male,M25-29,04:22:56,20,20,5,00:27:48,20,20,4,02:14:22,5,5,2,01:36:13,72,71,9,00:3:05,36,33,4,00:1:28,25,24,7,FIN,04:21:03,71,70,
15,Carla Ciaudano,Italy,Female,F50-54,04:49:37,82,3,2,00:33:40,144,11,4,02:31:32,86,2,2,01:39:16,99,5,1,00:3:10,42,5,3,00:1:59,93,12,3,FIN,04:21:07,72,2,1
21,Taha Laaribi,Morocco,Male,M35-39,04:35:09,40,40,5,00:34:43,177,163,22,02:23:27,38,38,6,01:30:20,35,35,4,00:4:20,137,119,16,00:2:18,150,133,17,FIN,04:21:23,73,71,
497,steven adams,United Kingdom,Male,M65-69,05:42:21,265,245,2,00:35:16,204,184,2,02:52:32,254,234,3,02:08:15,331,296,3,00:3:49,95,84,2,00:2:29,186,166,1,FIN,04:21:33,74,72,
526,Adnan Essayadi,Morocco,Male,M35-39,04:36:17,42,42,6,00:30:30,77,73,10,02:30:21,76,76,10,01:31:27,43,43,7,00:2:35,9,9,1,00:1:25,21,20,3,FIN,04:22:28,75,73,
333,Mimouni El mehdi,Morocco,Male,M40-44,04:44:09,60,60,14,00:32:02,104,98,21,02:32:48,95,92,20,01:32:56,54,54,10,00:4:02,110,95,20,00:2:21,161,144,31,FIN,04:23:10,76,74,
269,Hamza Biyadi,Morocco,Male,M35-39,04:37:23,46,46,7,00:29:40,57,55,8,02:31:11,81,80,11,01:30:23,36,36,5,00:4:09,123,106,14,00:2:00,97,84,11,FIN,04:23:30,77,75,
391,Stuart Cleworth,United Kingdom,Male,M45-49,04:54:10,98,93,10,00:30:01,68,66,8,02:32:50,96,93,11,01:44:17,144,136,11,00:4:06,120,103,11,00:2:56,249,224,30,FIN,04:24:06,78,76,
22,Sébastien Baucher,France,Male,M40-44,04:45:10,67,67,15,00:35:08,197,178,35,02:19:26,21,21,3,01:45:12,153,145,34,00:4:04,114,99,22,00:1:20,13,13,2,FIN,04:24:07,79,77,
35,Frederic Leblanc,France,Male,M55-59,05:08:38,148,140,8,00:36:51,247,224,14,02:41:01,169,160,9,01:45:06,151,143,6,00:3:20,60,53,1,00:2:21,165,148,8,FIN,04:24:20,80,78,
505,Guillaume Cerato,Italy,Male,M18-24,04:24:43,24,24,6,00:34:19,163,150,15,02:19:44,22,22,5,01:25:29,13,13,4,00:3:17,57,50,9,00:1:54,80,71,10,FIN,04:24:43,81,79,
545,Jose Barea,Spain,Male,M45-49,04:55:09,102,97,11,00:34:20,165,152,22,02:37:19,130,126,21,01:37:05,79,77,6,00:3:56,103,90,9,00:2:29,187,167,21,FIN,04:24:59,82,80,
260,Abdennaser Aamar,Morocco,Male,M35-39,04:38:59,53,53,8,00:32:31,114,106,16,02:18:31,19,19,4,01:43:05,133,126,20,00:2:58,31,28,5,00:1:54,82,73,10,FIN,04:25:02,83,81,
296,Soheyb Lazrak,Morocco,Male,M35-39,04:39:35,54,54,9,00:31:30,93,88,12,02:31:54,89,87,12,01:31:19,42,42,6,00:3:15,56,49,9,00:1:38,48,43,7,FIN,04:25:36,84,82,
144,Willan BASCLE,France,Male,M18-24,04:25:56,28,28,7,00:29:40,56,54,8,02:21:08,28,28,7,01:28:58,26,26,7,00:4:26,152,132,13,00:1:44,61,54,7,FIN,04:25:56,85,83,
503,Manfred Steckel,Germany,Male,M70-74,06:13:39,364,330,1,00:34:49,182,167,1,03:05:21,342,311,1,02:19:33,380,337,1,00:10:13,450,393,1,00:3:43,345,302,1,FIN,04:26:00,86,84,1
14,Sara Bund,Germany,Female,F45-49,04:49:26,81,2,1,00:28:56,38,1,1,02:38:17,135,6,2,01:36:25,74,2,2,00:3:48,94,11,3,00:2:00,98,14,3,FIN,04:26:02,87,3,1
37,Volker Hemberger,Germany,Male,M65-69,05:48:16,280,257,3,00:39:29,310,278,5,02:45:42,202,190,2,02:14:29,364,325,4,00:5:20,235,208,5,00:3:17,289,258,4,FIN,04:26:04,88,85,
499,Louis Mejias,France,Male,M65-69,05:48:39,282,259,4,00:39:24,309,277,4,02:57:08,291,268,4,02:04:43,307,277,2,00:4:37,169,147,4,00:2:48,230,206,2,FIN,04:26:22,89,86,
241,Yahya LBARNOUSSI,Morocco,Male,M30-34,04:35:58,41,41,9,00:29:50,60,58,9,02:34:10,105,102,12,01:26:10,17,17,5,00:3:42,85,75,10,00:2:06,111,96,13,FIN,04:26:26,90,87,
187,MOHAMED EJJAHED,Morocco,Male,M25-29,04:28:34,33,33,6,00:25:36,7,7,1,02:31:06,79,79,8,01:25:51,16,16,3,00:4:15,131,113,9,00:1:46,64,57,9,FIN,04:26:39,91,88,
114,Ioana Osa Larruzea,Spain,Female,F45-49,04:50:09,89,4,2,00:29:36,54,2,2,02:36:39,126,4,1,01:39:34,103,6,3,00:2:43,13,1,1,00:1:36,41,4,1,FIN,04:26:42,92,4,1
246,Charlie Meraud,France,Male,M30-34,04:36:48,44,44,10,00:33:42,147,136,14,02:28:45,65,65,9,01:28:45,25,25,10,00:3:58,105,91,13,00:1:37,43,39,4,FIN,04:27:15,93,89,
328,Thomas Chabert,France,Male,M40-44,04:48:51,77,76,16,00:29:39,55,53,11,02:23:10,37,37,9,01:51:33,193,181,44,00:2:35,10,10,2,00:1:54,84,75,14,FIN,04:27:31,94,90,
541,Breiffne O Donnell,Ireland,Male,M40-44,04:49:11,80,79,17,00:31:53,101,95,19,02:30:39,78,78,16,01:41:23,117,110,25,00:3:03,33,30,8,00:2:13,131,114,23,FIN,04:27:50,95,91,
68,Rachid Fekhkhar,Morocco,Male,M45-49,04:58:40,112,106,12,00:34:54,186,171,23,02:32:02,90,88,10,01:42:25,124,117,10,00:6:09,303,269,38,00:3:09,269,243,35,FIN,04:28:08,96,92,
341,Marc Hoenmann,Morocco,Male,M40-44,04:49:39,83,80,18,00:29:04,39,38,7,02:31:32,87,85,18,01:43:24,139,131,31,00:3:31,75,66,17,00:2:08,119,103,21,FIN,04:28:16,97,93,
24,Hakim Loudghiri,Morocco,Male,M40-44,04:49:41,85,82,19,00:32:01,103,97,20,02:36:34,124,121,28,01:34:36,65,64,14,00:4:23,147,129,29,00:2:07,115,99,20,FIN,04:28:18,98,94,
493,Mike Möbius,Germany,Male,M60-64,05:27:41,220,203,8,00:36:16,233,212,11,02:39:15,148,141,5,02:03:38,299,271,10,00:4:34,165,144,6,00:3:58,360,316,11,FIN,04:28:26,99,95,
7,Xavier Comte,France,Male,M60-64,05:27:41,221,204,9,00:33:29,140,130,7,02:46:45,215,202,10,02:01:19,280,255,8,00:3:59,106,92,4,00:2:09,120,104,4,FIN,04:28:26,100,96,
213,Miguel Vidal Hernández,Spain,Male,M25-29,04:30:40,35,35,7,00:31:10,84,79,8,02:25:23,50,50,6,01:29:09,28,28,4,00:3:32,76,67,7,00:1:26,22,21,6,FIN,04:28:44,101,97,
432,Adrian Bezzina,Malta,Male,M50-54,05:04:50,137,129,12,00:37:50,280,253,31,02:44:29,196,185,21,01:35:10,68,67,3,00:5:30,250,222,23,00:1:50,70,63,5,FIN,04:29:15,102,98,
427,Ricardo Aguilar Laudo,Spain,Male,M50-54,05:04:51,138,130,13,00:30:00,67,65,7,02:33:29,102,99,12,01:54:21,214,197,17,00:4:22,143,125,12,00:2:40,214,191,17,FIN,04:29:16,103,99,
412,Florian Nadal,France,Male,M45-49,04:59:57,114,108,13,00:33:56,151,139,20,02:40:24,163,155,25,01:39:30,102,97,8,00:4:38,171,149,15,00:1:30,27,26,4,FIN,04:29:17,104,100,
495,Khalid Sqalli,Morocco,Male,M60-64,05:28:45,226,209,10,00:33:20,136,127,6,02:42:58,186,176,8,02:02:26,285,259,9,00:5:57,290,257,10,00:4:05,370,324,12,FIN,04:29:18,105,101,
410,Martin Moege,Germany,Male,M45-49,05:00:39,118,112,14,00:37:00,251,228,35,02:29:35,68,68,7,01:48:42,179,168,16,00:3:06,37,34,1,00:2:16,142,125,17,FIN,04:29:55,106,102,
152,Victor Faranton,France,Male,M18-24,04:30:05,34,34,8,00:29:41,58,56,9,02:23:30,39,39,9,01:32:13,46,46,8,00:2:50,22,19,6,00:1:52,74,66,8,FIN,04:30:05,107,103,
554,Adil Keddouri,Morocco,Male,M50-54,05:06:47,144,136,14,00:37:57,285,257,33,02:38:31,138,132,15,01:42:54,130,123,10,00:4:50,190,166,17,00:2:35,201,178,15,FIN,04:30:58,108,104,
515,Miguel Ángel Callejas Moreno,Spain,Male,M30-34,04:40:41,57,57,11,00:29:53,65,63,10,02:29:45,72,72,10,01:34:05,60,59,14,00:4:22,141,123,19,00:2:37,206,183,23,FIN,04:30:59,109,105,
27,Tom De Coster,Belgium,Male,M45-49,05:02:05,125,117,15,00:30:29,76,72,10,02:32:54,97,94,12,01:53:00,206,193,21,00:3:41,84,74,7,00:2:01,99,85,11,FIN,04:31:12,110,106,
411,Mario Muscat,Malta,Male,M45-49,05:03:01,130,122,16,00:33:28,139,129,19,02:38:54,144,137,22,01:45:18,155,147,13,00:3:36,80,71,6,00:1:46,66,59,7,FIN,04:32:02,111,107,
540,Mohammed Labrini,Morocco,Male,M40-44,04:53:48,97,92,20,00:31:28,92,87,16,02:33:56,103,100,21,01:40:50,113,106,23,00:4:55,197,173,38,00:2:39,210,187,47,FIN,04:32:07,112,108,
436,Christophe Clequin,France,Male,M50-54,05:08:34,147,139,15,00:29:51,61,59,6,02:42:46,184,174,20,01:48:52,180,169,15,00:4:29,157,136,13,00:2:36,205,182,16,FIN,04:32:33,113,109,
337,youness ELOUATANi,Morocco,Male,M40-44,04:55:03,100,95,21,00:34:47,180,166,31,02:38:57,146,139,33,01:34:54,67,66,15,00:4:45,179,157,35,00:1:40,53,48,10,FIN,04:33:16,114,110,
9,Stephen Lopez,United States,Male,M40-44,04:55:08,101,96,22,00:35:58,224,203,37,02:25:43,54,54,13,01:47:43,175,165,39,00:3:28,66,58,14,00:2:15,138,121,27,FIN,04:33:21,115,111,
155,Oscar Hernández Quintanar,Mexico,Male,M18-24,04:33:37,39,39,9,00:29:53,64,62,10,02:18:36,20,20,4,01:40:26,110,103,11,00:2:27,3,3,3,00:2:16,141,124,15,FIN,04:33:37,116,112,
107,Camille Signorino,France,Male,M40-44,04:55:46,104,99,23,00:32:08,106,99,22,02:39:29,152,145,36,01:38:36,91,88,20,00:3:30,73,64,16,00:2:04,104,89,19,FIN,04:33:56,117,113,
70,Marouane Mriss,Morocco,Male,M40-44,04:56:11,105,100,24,00:40:35,337,298,56,02:36:05,119,116,26,01:29:37,31,31,4,00:6:18,312,276,54,00:3:37,332,292,64,FIN,04:34:19,118,114,
565,Karim Samih,Morocco,Male,M35-39,04:48:50,76,75,10,00:31:04,82,77,11,02:38:33,139,133,20,01:34:30,64,63,13,00:3:13,52,45,8,00:1:31,31,29,6,FIN,04:34:23,119,115,
39,Ali Moutaoukil,Morocco,Male,M35-39,04:49:05,79,78,11,00:38:50,298,268,35,02:28:37,64,64,8,01:32:18,48,48,9,00:5:13,225,198,27,00:4:07,372,326,46,FIN,04:34:37,120,116,
238,Elia Kuhnreich,Italy,Male,M30-34,04:44:36,61,61,12,00:29:13,44,43,7,02:32:33,93,91,11,01:36:09,71,70,17,00:3:48,93,83,12,00:2:52,240,215,26,FIN,04:34:46,121,117,
325,Fehd Bouab,Morocco,Male,M40-44,04:56:55,108,103,25,00:31:42,97,92,17,02:35:03,113,110,24,01:45:19,156,148,35,00:3:42,86,76,18,00:1:08,9,9,1,FIN,04:35:00,122,118,
67,Amine Talbi,Morocco,Male,M40-44,04:56:55,109,104,26,00:32:48,120,111,23,02:35:17,114,111,25,01:41:45,119,112,26,00:4:22,142,124,27,00:2:42,218,195,49,FIN,04:35:00,123,119,
524,Juan Callejas Moreno,Spain,Male,M35-39,04:49:40,84,81,12,00:32:21,111,103,13,02:30:16,75,75,9,01:38:43,92,89,15,00:4:21,139,121,17,00:3:59,363,319,44,FIN,04:35:11,124,120,
367,Driss Taifour,Morocco,Male,M40-44,04:57:25,110,105,27,00:34:58,191,174,34,02:38:55,145,138,32,01:36:37,75,73,16,00:4:31,158,137,30,00:2:23,174,155,38,FIN,04:35:28,125,121,
33,Didier Carrieu,France,Male,M55-59,05:21:38,194,179,9,00:29:53,63,61,3,02:36:02,118,115,8,02:09:08,334,299,14,00:4:25,149,130,11,00:2:11,124,107,7,FIN,04:35:28,126,122,
264,Jakub Atarsia,Czechia,Male,M35-39,04:51:56,94,89,13,00:28:14,23,23,3,02:33:24,101,98,15,01:42:28,126,119,19,00:5:00,205,180,21,00:2:51,238,213,28,FIN,04:37:20,127,123,
112,hamdouch hassna,Morocco,Female,F45-49,05:01:44,124,8,3,00:37:25,266,25,5,02:45:08,200,12,5,01:33:36,57,1,1,00:3:53,99,13,4,00:1:43,58,7,2,FIN,04:37:21,128,5,1
235,Chihab-Eddine Haoussi,Morocco,Male,M30-34,04:47:40,74,73,13,00:36:10,231,210,20,02:40:51,168,159,19,01:26:23,19,19,6,00:2:52,26,23,4,00:1:23,17,16,2,FIN,04:37:44,129,124,
124,Angelika Halberstadt,Germany,Female,F55-59,05:18:40,183,14,1,00:30:39,78,5,1,02:48:09,223,14,1,01:54:03,211,15,1,00:3:26,64,8,1,00:2:23,172,19,2,FIN,04:38:42,130,6,1
223,Rida Benzaouia,Morocco,Male,M30-34,04:49:43,86,83,14,00:41:59,362,320,40,02:34:46,110,107,13,01:26:30,20,20,7,00:4:14,130,112,17,00:2:13,132,115,17,FIN,04:39:43,131,125,
355,Loutaoui Moussa,France,Male,M40-44,05:02:08,126,118,28,00:34:22,167,154,25,02:32:24,91,89,19,01:46:57,168,158,38,00:5:47,272,242,49,00:2:38,208,185,45,FIN,04:39:50,132,126,
220,Arthur Barbey,France,Male,M30-34,04:49:57,87,84,15,00:37:16,262,239,26,02:39:16,149,142,16,01:26:31,21,21,8,00:4:34,166,145,21,00:2:19,155,138,18,FIN,04:39:56,133,127,
105,Fleur Nadal,France,Female,F40-44,04:57:37,111,6,1,00:35:02,194,19,3,02:40:34,166,9,2,01:37:18,81,3,1,00:3:12,50,7,1,00:1:31,32,3,2,FIN,04:40:32,134,7,1
405,Sébastien Lagoutte,France,Male,M50-54,05:17:37,177,165,16,00:28:44,33,33,4,02:31:38,88,86,11,02:11:34,347,310,27,00:3:46,89,79,9,00:1:55,85,76,6,FIN,04:40:33,135,128,
53,El Mahdi Maarouf,Morocco,Male,M45-49,05:12:32,160,151,17,00:28:50,35,35,2,02:40:05,159,151,24,01:57:30,245,225,27,00:4:47,183,161,18,00:1:19,11,11,1,FIN,04:40:35,136,129,
352,Mohamed Mettiji,Tunisia,Male,M40-44,05:03:05,131,123,29,00:25:11,6,6,2,02:39:25,151,144,35,01:50:42,188,176,42,00:5:30,249,221,47,00:2:16,143,126,29,FIN,04:40:42,137,130,
281,Oussama EL MAJIDI,Morocco,Male,M35-39,04:55:33,103,98,14,00:32:55,124,115,17,02:33:15,99,96,14,01:43:13,137,129,22,00:3:47,91,81,11,00:2:24,177,158,22,FIN,04:40:46,138,131,
419,Martin Staiger,Switzerland,Male,M45-49,05:13:03,163,153,18,00:33:09,129,120,18,02:34:05,104,101,14,01:58:05,249,229,28,00:5:11,221,194,26,00:2:33,194,172,22,FIN,04:41:03,139,132,
543,Omar Serhane,Morocco,Male,M40-44,05:03:30,132,124,30,00:39:12,306,274,51,02:34:28,106,103,22,01:42:32,127,120,28,00:4:59,203,178,40,00:2:19,156,139,30,FIN,04:41:06,140,133,
406,Diego Lazcano Saez,Spain,Male,M45-49,05:13:20,164,154,19,00:29:53,62,60,7,02:33:20,100,97,13,02:01:23,282,256,34,00:5:28,246,219,27,00:3:15,287,256,38,FIN,04:41:18,141,134,
480,Brahim Kaffaz,Morocco,Male,M55-59,05:28:29,225,208,10,00:37:19,263,240,16,02:48:40,225,211,12,01:55:23,222,205,8,00:3:55,101,88,5,00:3:13,282,253,13,FIN,04:41:20,142,135,
249,Dani Ortigosa Claveria,Spain,Male,M30-34,04:51:26,90,86,16,00:29:46,59,57,8,02:35:34,116,113,14,01:37:13,80,78,18,00:5:31,252,224,29,00:3:22,303,268,35,FIN,04:41:22,143,136,
539,CHAKIB KHASMANE,Morocco,Male,M40-44,05:03:49,133,125,31,00:41:41,357,317,61,02:36:30,123,120,27,01:39:06,95,91,21,00:4:31,159,138,31,00:2:01,100,86,18,FIN,04:41:23,144,137,
336,Abderrahim Elmekkaouy,Morocco,Male,M40-44,05:04:17,135,127,32,00:40:11,325,288,53,02:38:44,143,136,31,01:37:33,82,79,17,00:5:26,243,216,44,00:2:23,175,156,39,FIN,04:41:49,145,138,
123,Vanessa Vidal,France,Female,F50-54,05:13:26,165,11,3,00:32:09,107,8,3,02:39:50,156,8,3,01:56:41,234,20,4,00:2:50,20,3,1,00:1:56,87,10,2,FIN,04:42:35,146,8,1
453,Chris Murray,Ireland,Male,M50-54,05:19:59,186,172,17,00:35:44,217,197,24,02:38:24,137,131,14,01:57:47,247,227,21,00:4:49,188,164,16,00:3:14,285,254,30,FIN,04:42:38,147,139,
204,othmane moustarihe,Morocco,Male,M25-29,04:45:04,65,65,8,00:33:27,138,128,13,02:36:44,127,123,10,01:30:07,33,33,6,00:3:09,39,35,5,00:1:37,44,40,8,FIN,04:43:02,148,140,
560,Martin Hummer,Germany,Male,M55-59,05:30:52,234,217,11,00:32:45,117,108,6,02:50:46,241,224,14,01:59:00,259,237,9,00:4:39,172,150,12,00:3:42,342,300,16,FIN,04:43:23,149,141,
458,Pierre Jean Rembert,France,Male,M50-54,05:20:55,191,176,18,00:30:45,79,74,8,02:39:04,147,140,16,02:06:12,319,286,25,00:3:10,40,36,4,00:1:44,59,52,3,FIN,04:43:27,150,142,
322,Abdelaali Beyelhadj,Morocco,Male,M40-44,05:06:15,142,134,33,00:34:51,184,169,32,02:38:18,136,130,30,01:45:19,157,149,36,00:5:26,244,217,45,00:2:21,164,147,33,FIN,04:43:38,151,143,
13,Perrine Olivier,France,Female,F40-44,05:01:14,121,7,2,00:34:55,187,16,2,02:38:09,133,5,1,01:43:11,136,8,2,00:3:29,68,9,2,00:1:30,28,2,1,FIN,04:43:56,152,9,1
335,AHMED ELAAZZI,Morocco,Male,M40-44,05:07:11,145,137,34,00:31:47,99,94,18,02:45:47,207,194,44,01:42:32,128,121,29,00:5:35,257,229,48,00:1:31,35,32,5,FIN,04:44:30,153,144,
161,Jules Rey,France,Male,M18-24,04:44:49,63,63,10,00:31:08,83,78,12,02:22:27,34,34,8,01:46:02,164,156,15,00:3:14,54,47,8,00:1:58,92,81,11,FIN,04:44:49,154,145,
291,Anass Jarane,Morocco,Male,M35-39,05:00:26,116,110,15,00:35:18,206,186,27,02:45:49,208,195,29,01:32:49,53,53,10,00:4:44,178,156,18,00:1:45,63,56,9,FIN,04:45:24,155,146,
309,Guillaume Toumasou,France,Male,M35-39,05:00:38,117,111,16,00:30:26,75,71,9,02:38:35,140,134,21,01:44:18,145,137,24,00:5:02,207,182,22,00:2:17,147,130,16,FIN,04:45:36,156,147,
527,EJEGHAOUI HAMZA,Morocco,Male,M35-39,05:00:52,119,113,17,00:28:28,30,30,5,02:42:41,180,170,24,01:45:29,158,150,26,00:3:10,43,38,6,00:1:06,6,6,1,FIN,04:45:49,157,148,
359,Mehdi Idrissi Qaitouni,Morocco,Male,M40-44,05:08:47,149,141,35,00:41:59,363,321,62,02:35:01,112,109,23,01:43:08,134,127,30,00:6:06,301,268,53,00:2:33,197,174,42,FIN,04:45:59,158,149,
89,Ophélie Decouvreur,Belgium,Female,F30-34,04:51:28,91,5,1,00:32:08,105,7,2,02:32:41,94,3,1,01:38:58,93,4,1,00:4:06,119,17,2,00:3:35,330,40,5,FIN,04:46:27,159,10,1
71,Samir Errachidi,Morocco,Male,M45-49,05:19:04,184,170,20,00:37:27,267,242,37,02:35:24,115,112,17,01:58:16,251,231,29,00:4:21,138,120,12,00:3:36,331,291,45,FIN,04:46:27,160,150,
232,FAHD GNAOUI,Morocco,Male,M30-34,04:56:53,107,102,17,00:33:19,135,126,13,02:40:39,167,158,18,01:37:34,83,80,19,00:3:14,55,48,6,00:2:07,116,100,14,FIN,04:46:38,161,151,
117,Michaela Wolf,Austria,Female,F45-49,05:12:16,159,9,4,00:37:45,277,27,6,02:42:24,177,10,3,01:46:29,167,10,4,00:3:10,44,6,2,00:2:28,182,20,4,FIN,04:47:02,162,11,1
279,Abdelali ECH CHAOUI,Morocco,Male,M35-39,05:02:36,127,119,18,00:40:01,322,285,37,02:42:48,185,175,26,01:32:13,47,47,8,00:5:13,226,199,28,00:2:21,163,146,21,FIN,04:47:28,163,152,
500,Norbert Schiewe,Germany,Male,M65-69,06:16:34,370,335,5,00:38:32,293,264,3,03:01:59,324,298,5,02:28:12,413,362,5,00:4:34,167,146,3,00:3:16,288,257,3,FIN,04:47:41,164,153,
483,André Widmer,Switzerland,Male,M55-59,05:36:27,250,231,12,00:36:09,230,209,12,02:43:37,193,183,10,02:10:22,343,306,15,00:5:17,232,205,16,00:1:02,3,3,1,FIN,04:48:10,165,154,
430,Mustapha Benrhamous,Morocco,Male,M50-54,05:26:36,217,200,19,00:37:57,284,256,32,02:42:45,181,171,19,01:57:27,244,224,20,00:5:42,268,239,26,00:2:45,224,201,19,FIN,04:48:29,166,155,
448,Branislav Kusik,Slovakia,Male,M50-54,05:26:58,219,202,20,00:33:19,134,125,17,02:40:15,162,154,18,02:05:21,314,282,23,00:4:56,198,174,19,00:3:07,265,239,25,FIN,04:48:48,167,156,
385,Yannick Boissy,Morocco,Male,M45-49,05:22:23,200,184,21,00:32:53,122,113,17,02:34:55,111,108,16,02:07:36,327,293,37,00:4:44,176,154,17,00:2:17,145,128,18,FIN,04:49:26,168,157,
122,Carla Porcu,Italy,Female,F50-54,05:21:49,195,16,4,00:30:20,73,4,2,02:51:01,243,18,4,01:54:05,212,16,3,00:4:24,148,19,4,00:2:00,94,13,4,FIN,04:50:08,169,12,1
535,Mohamed Elkhou,Morocco,Male,M40-44,05:14:03,167,156,36,00:34:57,189,172,33,02:42:46,183,173,42,01:44:54,150,142,33,00:7:09,365,320,64,00:4:17,384,338,68,FIN,04:50:52,170,158,
457,Jerome Reboul,France,Male,M50-54,05:29:59,230,213,21,00:35:33,213,193,23,02:59:45,312,287,29,01:40:42,111,104,8,00:9:30,440,384,42,00:4:30,398,349,35,FIN,04:51:28,171,159,
52,Charif El Maifi,Morocco,Male,M45-49,05:24:41,203,187,22,00:36:04,227,206,31,02:41:10,170,161,26,02:00:31,273,249,33,00:5:01,206,181,22,00:1:56,88,78,10,FIN,04:51:30,172,160,
253,reda salih,Morocco,Male,M30-34,05:03:00,129,121,18,00:37:06,257,234,23,02:44:15,195,184,21,01:31:41,45,45,12,00:5:55,288,255,31,00:4:02,366,321,42,FIN,04:52:32,173,161,
382,SYLVAIN BERGERON,Canada,Male,M45-49,05:25:54,210,193,23,00:41:54,360,319,46,02:46:13,209,196,29,01:49:34,184,173,17,00:5:07,216,190,24,00:3:06,263,237,34,FIN,04:52:35,174,162,
332,Salim El Kateb,Morocco,Male,M40-44,05:15:56,170,158,37,00:34:19,161,148,24,02:52:15,251,232,51,01:42:26,125,118,27,00:4:12,126,109,24,00:2:43,219,196,50,FIN,04:52:37,175,163,
274,Cédric LOMBARD,France,Male,M35-39,05:09:15,150,142,19,00:37:51,281,254,33,02:42:45,182,172,25,01:40:46,112,105,17,00:5:47,273,243,34,00:2:05,109,94,12,FIN,04:53:47,176,164,
311,Hicham El Mejdoubi,Morocco,Male,M40-44,05:17:43,178,166,38,00:41:39,355,315,60,02:39:19,150,143,34,01:48:40,178,167,41,00:5:50,279,249,50,00:2:14,133,116,24,FIN,04:54:16,177,165,
51,Mohammed Bourhim,Morocco,Male,M40-44,05:17:46,179,167,39,00:34:46,179,165,30,02:41:59,173,164,40,01:52:38,202,189,45,00:4:57,201,177,39,00:3:26,313,275,61,FIN,04:54:18,178,166,
116,Lucie Salle,France,Female,F45-49,05:20:20,188,15,5,00:36:43,245,22,3,02:44:02,194,11,4,01:53:07,208,14,5,00:3:57,104,14,5,00:2:32,192,22,5,FIN,04:54:27,179,13,1
316,Mouad Bakanech,Morocco,Male,M40-44,05:18:29,182,169,40,00:34:45,178,164,29,02:40:29,164,156,38,01:56:56,237,217,52,00:4:23,144,126,28,00:1:57,89,79,15,FIN,04:54:58,180,167,
295,Oleksandr Korchagin,Portugal,Male,M35-39,05:10:38,153,145,20,00:41:41,358,318,43,02:37:39,131,127,19,01:46:13,166,157,28,00:2:53,27,24,4,00:2:12,127,110,13,FIN,04:55:06,181,168,
299,Youssef Naimi,Morocco,Male,M35-39,05:10:45,154,146,21,00:43:24,388,346,46,02:33:13,98,95,13,01:42:08,122,115,18,00:8:15,416,366,55,00:3:45,348,305,42,FIN,04:55:12,182,169,
283,Rachid El Hadi,Morocco,Male,M35-39,05:11:09,155,147,22,00:41:35,354,314,42,02:43:31,192,182,27,01:34:22,63,62,12,00:7:34,383,336,49,00:4:08,374,328,47,FIN,04:55:35,183,170,
399,Ahmed Errahili,Morocco,Male,M45-49,05:30:07,231,214,24,00:45:07,407,361,54,02:34:32,108,105,15,01:58:38,255,233,31,00:6:32,328,290,43,00:5:18,425,375,55,FIN,04:56:22,184,171,
544,Taoufik Argui,Morocco,Male,M45-49,05:30:36,233,216,25,00:36:28,238,217,32,02:53:37,266,246,34,01:51:36,195,183,20,00:5:50,280,250,32,00:3:05,261,236,33,FIN,04:56:48,185,172,
531,Mounir Akhatar,Morocco,Male,M40-44,05:20:28,189,174,41,00:30:00,66,64,12,02:47:46,221,208,46,01:56:40,233,214,51,00:4:09,122,105,23,00:1:53,76,68,13,FIN,04:56:48,186,173,
372,Mandour Younes,Morocco,Male,M40-44,05:20:52,190,175,42,00:36:08,229,208,39,02:39:46,154,147,37,01:58:04,248,228,54,00:4:44,175,153,33,00:2:10,121,105,22,FIN,04:57:11,187,174,
566,najib smali,Morocco,Male,M50-54,05:36:29,251,232,22,00:33:31,141,131,18,02:56:36,288,265,28,01:56:41,235,215,18,00:7:07,363,318,35,00:2:34,198,175,14,FIN,04:57:12,188,175,
357,Sergey Pavlyuchenko,,Male,M40-44,05:21:00,193,178,43,00:38:10,288,259,48,02:40:33,165,157,39,01:55:15,220,203,46,00:4:46,180,158,36,00:2:15,135,118,26,FIN,04:57:18,189,176,
201,Saad Lozzi,Morocco,Male,M25-29,04:59:47,113,107,9,00:38:22,291,262,26,02:34:38,109,106,9,01:39:05,94,90,10,00:5:39,264,236,26,00:2:03,103,88,11,FIN,04:57:39,190,177,
47,Yassine El Amrani,Morocco,Male,M35-39,05:13:39,166,155,23,00:40:18,329,291,38,02:46:40,213,200,30,01:38:05,89,86,14,00:5:04,210,185,23,00:3:32,320,281,38,FIN,04:57:58,191,178,
11,YOUSSEF AMENZIZ,Morocco,Male,M45-49,05:32:02,236,219,26,00:35:19,207,187,26,02:37:01,128,124,19,02:12:00,351,314,43,00:5:40,265,237,31,00:2:02,102,87,12,FIN,04:58:05,192,179,
362,HMINA SAAD,Morocco,Male,M40-44,05:22:00,197,181,44,00:34:23,168,155,26,02:57:05,290,267,57,01:44:01,142,134,32,00:4:17,133,115,26,00:2:14,134,117,25,FIN,04:58:14,193,180,
491,John Easum,France,Male,M60-64,06:04:13,337,307,11,00:32:50,121,112,4,02:59:08,307,282,12,02:21:22,392,346,12,00:5:39,263,235,9,00:5:13,424,374,14,FIN,04:58:21,194,181,
345,Hossein Laraki,Morocco,Male,M40-44,05:22:26,201,185,45,00:34:31,170,157,27,02:43:16,188,178,43,01:56:29,228,211,50,00:5:27,245,218,46,00:2:44,221,198,52,FIN,04:58:38,195,182,
562,Stephane Orsonneau,France,Male,M55-59,05:48:58,284,261,13,00:37:41,275,249,17,02:48:01,222,209,11,02:15:17,368,329,19,00:4:48,186,163,13,00:3:11,276,248,12,FIN,04:58:53,196,183,
277,Javier Cuadrado Lopez,Spain,Male,M35-39,05:14:49,168,157,24,00:37:06,256,233,32,02:47:01,219,206,32,01:43:10,135,128,21,00:5:12,222,195,26,00:2:20,158,141,19,FIN,04:59:04,197,184,
510,Ayoub ahlafi,Morocco,Male,M30-34,05:09:49,152,144,19,00:35:10,198,179,18,02:45:45,204,192,24,01:41:39,118,111,22,00:5:20,236,209,26,00:1:55,86,77,10,FIN,04:59:07,198,185,
55,Fouad Okba,Morocco,Male,M55-59,05:49:24,288,265,14,00:36:32,240,219,13,02:49:34,232,217,13,02:14:26,363,324,18,00:5:14,227,200,15,00:3:38,337,295,15,FIN,04:59:15,199,186,
44,Marwane Benakki,Morocco,Male,M25-29,05:01:36,123,116,10,00:37:13,259,236,24,02:45:02,199,188,15,01:32:22,50,50,8,00:4:54,193,169,17,00:2:04,105,90,12,FIN,04:59:27,200,187,
551,Bouchaib Tabit,Morocco,Male,M45-49,05:33:37,239,222,27,00:36:54,248,225,34,02:51:55,250,231,31,01:54:55,218,201,23,00:5:35,256,228,29,00:4:19,388,342,52,FIN,04:59:31,201,188,
118,Albos Valerie,France,Female,F55-59,05:43:26,268,22,2,00:46:58,431,54,4,02:52:28,252,20,2,01:56:39,232,19,2,00:4:59,202,25,2,00:2:22,167,18,1,FIN,05:00:22,202,14,1
516,El mehdi El fakir,Morocco,Male,M30-34,05:11:09,156,148,20,00:37:27,268,243,27,02:45:09,201,189,23,01:42:08,123,116,23,00:4:01,108,93,14,00:2:24,178,159,19,FIN,05:00:24,203,189,
492,Mark Lingard,United Kingdom,Male,M60-64,06:06:48,341,310,12,00:38:03,287,258,13,02:48:48,226,212,11,02:30:54,419,366,13,00:5:30,247,220,8,00:3:34,328,289,9,FIN,05:00:28,204,190,
525,Mohamed Amine Diki,Morocco,Male,M35-39,05:16:31,172,160,25,00:39:05,304,272,36,02:36:25,120,117,17,01:53:03,207,194,33,00:5:39,262,234,32,00:2:19,152,135,18,FIN,05:00:41,205,191,
369,Abdelylah Tounsi,Morocco,Male,M40-44,05:24:45,206,189,46,00:37:30,270,245,44,02:49:46,233,218,49,01:51:00,189,177,43,00:4:14,129,111,25,00:2:16,140,123,28,FIN,05:00:47,206,192,
511,Sultan Alkholaifi,Qatar,Male,M30-34,05:11:52,158,150,21,00:37:02,254,231,22,02:49:47,234,219,26,01:35:56,70,69,16,00:6:09,304,270,33,00:2:59,250,225,27,FIN,05:01:06,207,193,
310,Ahmed reda Touzani,Morocco,Male,M35-39,05:17:07,173,161,26,00:32:28,113,105,15,02:45:43,203,191,28,01:49:24,182,171,29,00:5:05,211,186,24,00:4:26,394,346,51,FIN,05:01:15,208,194,
288,Mohamed Hasbaoui,Morocco,Male,M35-39,05:17:11,174,162,27,00:45:09,409,362,47,02:38:43,142,135,22,01:45:10,152,144,25,00:5:22,237,210,29,00:2:47,228,205,26,FIN,05:01:19,209,195,
324,Tim Bookelman,Netherlands,Male,M40-44,05:25:22,207,190,47,00:34:38,175,161,28,02:38:15,134,129,29,02:04:44,308,278,63,00:5:08,219,192,41,00:2:38,207,184,44,FIN,05:01:21,210,196,
470,Patrice Deliers,France,Male,M55-59,05:51:55,296,272,15,00:37:02,253,230,15,02:53:32,264,244,15,02:11:42,349,312,16,00:5:23,239,212,17,00:4:15,382,336,19,FIN,05:01:24,211,197,
159,Sodki Nabil,Morocco,Male,M18-24,05:01:25,122,115,11,00:34:50,183,168,17,02:48:59,229,214,15,01:32:36,51,51,9,00:3:30,74,65,11,00:1:31,34,31,5,FIN,05:01:25,212,198,
293,SOUFIANE KEBDANI,Morocco,Male,M35-39,05:17:30,176,164,28,00:34:54,185,170,23,02:41:28,172,163,23,01:52:31,200,187,31,00:6:17,310,274,40,00:2:20,159,142,20,FIN,05:01:37,213,199,
361,Anton Rozhkov,,Male,M40-44,05:25:40,209,192,48,00:37:40,274,248,46,02:42:40,179,169,41,01:58:08,250,230,55,00:4:43,174,152,32,00:2:29,184,164,40,FIN,05:01:37,214,200,
366,Omar Tahiri,Morocco,Male,M40-44,05:25:59,211,194,49,00:41:25,350,310,59,02:57:30,293,270,58,01:37:41,84,81,18,00:6:51,343,302,61,00:2:33,196,173,41,FIN,05:01:55,215,201,
421,Benoit Vaillant,France,Male,M45-49,05:36:18,248,230,28,00:32:17,109,101,14,02:42:36,178,168,28,02:11:33,346,309,42,00:6:20,315,279,41,00:3:32,321,282,43,FIN,05:01:55,216,202,
179,Paul Birling,France,Male,M25-29,05:04:10,134,126,11,00:34:08,159,146,17,02:42:14,175,166,12,01:40:06,107,100,11,00:5:16,230,203,21,00:2:26,180,161,20,FIN,05:02:00,217,203,
217,Ghassane Amchyaa,France,Male,M30-34,05:12:53,162,152,22,00:39:02,301,271,30,02:40:12,161,153,17,01:47:41,174,164,28,00:3:25,62,55,7,00:2:33,193,171,21,FIN,05:02:05,218,204,
100,Kay Smith,Ireland,Female,F35-39,05:12:52,161,10,1,00:37:37,273,26,4,02:38:36,141,7,1,01:50:22,186,12,2,00:4:06,118,16,2,00:2:11,123,17,2,FIN,05:02:09,219,15,1
388,Jérémie Brassaud,France,Male,M45-49,05:37:04,254,235,29,00:42:21,372,330,48,02:52:45,258,238,32,01:53:31,209,195,22,00:6:19,313,277,40,00:2:08,118,102,14,FIN,05:02:37,220,205,
353,Zakariaa Mhaidir,Morocco,Male,M40-44,05:26:55,218,201,50,00:37:30,271,246,45,02:46:46,216,203,45,01:56:02,226,209,49,00:3:56,102,89,19,00:2:41,216,193,48,FIN,05:02:47,221,206,
50,Achraf OULAD ABDESLAM,Morocco,Male,M35-39,05:19:14,185,171,29,00:35:18,205,185,26,02:35:42,117,114,16,02:00:51,276,251,42,00:4:50,189,165,20,00:2:32,191,170,23,FIN,05:03:16,222,207,
390,Wesley Burke,Ireland,Male,M45-49,05:37:55,255,236,30,00:35:44,218,198,28,02:37:17,129,125,20,02:15:14,367,328,46,00:6:28,324,287,42,00:3:12,279,250,36,FIN,05:03:22,223,208,
464,Karim Zourakhti,Belgium,Male,M50-54,05:45:23,276,254,23,00:35:56,222,202,26,02:46:36,212,199,22,02:14:08,361,322,30,00:5:33,254,226,24,00:3:10,270,244,26,FIN,05:05:04,224,209,
559,Mhamed Boucheikh,Morocco,Male,M55-59,05:56:45,316,288,16,00:41:10,349,309,21,03:01:33,322,296,17,02:03:16,296,269,10,00:5:07,217,191,14,00:5:40,432,382,23,FIN,05:05:33,225,210,
397,Mohamed ali elabbassi,Morocco,Male,M45-49,05:40:24,260,241,31,00:37:15,261,238,36,03:05:00,340,310,46,01:50:34,187,175,19,00:4:55,195,171,20,00:2:40,212,189,24,FIN,05:05:36,226,211,
528,Nicolas Léger,France,Male,M35-39,05:22:09,199,183,30,00:40:55,344,305,40,02:47:00,218,205,31,01:43:38,141,133,23,00:6:58,352,309,46,00:3:38,336,294,41,FIN,05:06:02,227,212,
132,Jessica Harvey,United Kingdom,Female,F40-44,05:24:44,205,17,3,00:32:34,116,9,1,02:50:05,235,16,3,01:56:37,231,18,3,00:3:37,81,10,3,00:1:51,71,8,3,FIN,05:06:05,228,16,1
158,Joey Moynihan,Ireland,Male,M18-24,05:06:08,141,133,12,00:29:31,52,51,7,02:46:30,211,198,13,01:43:35,140,132,13,00:4:28,155,134,14,00:2:05,108,93,12,FIN,05:06:08,229,213,
225,David Bueno Diez,Spain,Male,M30-34,05:17:14,175,163,23,00:37:14,260,237,25,02:52:39,256,236,30,01:39:07,96,92,21,00:5:31,251,223,28,00:2:45,222,199,25,FIN,05:06:17,230,214,
404,William Icard,France,Male,M45-49,05:41:24,264,244,32,00:29:21,46,45,5,02:39:54,157,149,23,02:24:47,402,354,51,00:3:53,97,85,8,00:3:29,316,278,41,FIN,05:06:30,231,215,
165,Tanguy scyeur,Belgium,Male,M18-24,05:06:35,143,135,13,00:34:17,160,147,14,02:44:36,198,187,12,01:39:44,105,99,10,00:4:02,112,97,12,00:3:56,359,315,20,FIN,05:06:35,232,216,
49,Anass Mardi,Morocco,Male,M35-39,05:22:59,202,186,31,00:35:14,202,182,25,02:36:26,121,118,18,02:03:51,301,273,46,00:4:47,184,162,19,00:2:41,215,192,25,FIN,05:06:50,233,217,
157,Archie Keogh,United Kingdom,Male,M18-24,05:07:22,146,138,14,00:34:37,174,160,16,02:39:46,155,148,11,01:45:30,159,151,14,00:5:12,224,197,16,00:2:16,144,127,16,FIN,05:07:22,234,218,
131,Ryme Zaim,Morocco,Female,F35-39,05:18:18,181,13,2,00:33:27,137,10,1,02:48:57,228,15,2,01:48:32,177,11,1,00:4:49,187,24,4,00:2:33,195,23,3,FIN,05:07:24,235,17,1
17,Monique Lanz,Germany,Female,F50-54,05:41:12,263,20,5,00:35:13,200,20,6,02:53:52,269,21,5,02:04:16,304,30,6,00:4:26,151,20,5,00:3:24,307,36,9,FIN,05:07:37,236,18,1
135,Angelika Fanai-Nimmesgern,Portugal,Female,F60-64,06:06:39,340,31,1,00:43:53,392,43,3,02:55:45,279,22,1,02:17:48,374,42,3,00:5:44,271,30,2,00:3:29,317,39,1,FIN,05:07:39,237,19,1
452,Saad Msahi,Morocco,Male,M50-54,05:48:33,281,258,24,00:34:03,155,143,19,03:05:40,344,313,31,01:58:56,258,236,22,00:6:43,336,296,31,00:3:12,280,251,29,FIN,05:07:52,238,219,
420,Charles-Edouard Thiout,France,Male,M45-49,05:43:15,266,246,33,00:45:19,412,365,56,02:42:19,176,167,27,02:06:15,321,288,36,00:5:58,293,260,34,00:3:24,308,272,40,FIN,05:08:10,239,220,
433,David Bossard,France,Male,M50-54,05:48:59,285,262,25,00:34:20,164,151,21,02:36:38,125,122,13,02:31:22,420,367,38,00:4:33,163,142,14,00:2:07,113,97,7,FIN,05:08:15,240,221,
418,Hatim Senhaji,Morocco,Male,M45-49,05:43:29,271,249,34,00:38:39,295,265,40,03:05:32,343,312,47,01:49:36,185,174,18,00:7:24,379,332,50,00:2:18,149,132,19,FIN,05:08:22,241,222,
568,HICHAM NAJIM,Morocco,Male,M45-49,05:43:45,273,251,35,00:39:21,308,276,42,03:09:02,365,331,51,01:44:53,149,141,12,00:6:57,351,308,45,00:3:32,323,284,44,FIN,05:08:37,242,223,
261,Abdellaoui Hicham,Morocco,Male,M35-39,05:25:26,208,191,32,00:38:28,292,263,34,03:06:55,351,319,48,01:33:44,58,57,11,00:4:02,109,94,13,00:2:17,146,129,15,FIN,05:09:09,243,224,
202,Alberto Marrero Suneson,Spain,Male,M25-29,05:11:35,157,149,12,00:36:30,239,218,22,02:43:04,187,177,13,01:45:12,154,146,14,00:4:31,160,139,13,00:2:19,157,140,16,FIN,05:09:22,244,225,
91,Camille Oly,Luxembourg,Female,F30-34,05:14:56,169,12,2,00:31:49,100,6,1,02:45:46,205,13,2,01:52:31,199,13,3,00:2:48,19,2,1,00:2:02,101,15,1,FIN,05:09:30,245,20,1
270,Omar Bjani,Morocco,Male,M35-39,05:26:15,213,196,33,00:34:32,171,158,21,02:53:35,265,245,39,01:45:41,163,155,27,00:7:36,386,339,50,00:4:52,413,364,52,FIN,05:09:56,246,226,
344,Amine Lahmam Bennani,Morocco,Male,M40-44,05:35:25,243,225,51,00:36:11,232,211,40,02:49:03,230,215,48,02:01:01,277,252,58,00:6:03,296,263,52,00:3:07,266,240,58,FIN,05:10:39,247,227,
230,Paolo Facchi,Italy,Male,M30-34,05:21:52,196,180,24,00:35:48,219,199,19,02:50:15,236,220,27,01:44:33,147,139,26,00:7:14,368,323,36,00:4:03,368,322,43,FIN,05:10:45,248,228,
248,MHAMED NIBRASSE,Morocco,Male,M30-34,05:22:05,198,182,25,00:32:57,125,116,12,02:38:00,132,128,15,02:02:41,287,261,35,00:5:16,229,202,24,00:3:11,275,247,31,FIN,05:10:58,249,229,
354,Soufiane Miadi,Morocco,Male,M40-44,05:35:52,245,227,52,00:42:48,382,340,65,02:55:40,277,256,53,01:45:36,162,154,37,00:8:13,413,364,69,00:3:35,329,290,63,FIN,05:11:04,250,230,
267,Taha Bentbib,Morocco,Male,M35-39,05:27:56,222,205,34,00:50:38,448,389,54,02:25:07,49,49,7,02:00:30,272,248,41,00:8:10,412,363,54,00:3:31,319,280,37,FIN,05:11:32,251,231,
318,Amine Belhaj,Morocco,Male,M40-44,05:36:57,253,234,53,00:37:50,279,252,47,03:02:22,326,300,64,01:47:58,176,166,40,00:5:23,238,211,43,00:3:23,304,269,59,FIN,05:12:04,252,232,
463,Heiko Zoellner,Germany,Male,M50-54,05:53:24,300,276,26,00:36:17,234,213,27,02:55:44,278,257,26,02:14:53,366,327,31,00:4:10,124,107,11,00:2:19,153,136,10,FIN,05:12:09,253,233,
126,Ines Hernandez Hernandez,Spain,Female,F60-64,06:12:02,358,34,2,00:37:20,264,24,2,03:19:13,413,45,3,02:04:46,309,31,1,00:6:53,348,42,3,00:3:49,356,44,2,FIN,05:12:10,254,21,1
54,OKBA YOUNES,Morocco,Male,M50-54,05:54:29,303,279,27,00:34:08,158,145,20,02:52:35,255,235,23,02:20:11,387,342,34,00:5:14,228,201,22,00:2:22,168,150,12,FIN,05:13:06,255,234,
402,Sam Ghan,Morocco,Male,M45-49,05:49:01,286,263,36,00:45:51,419,369,58,02:55:25,275,254,38,01:58:25,253,232,30,00:5:38,261,233,30,00:3:43,344,301,47,FIN,05:13:20,256,235,
504,FADL Chraibi,Morocco,Male,M40-44,05:38:22,256,237,54,00:36:54,249,226,43,02:50:23,238,221,50,02:02:39,286,260,60,00:5:50,281,251,51,00:2:36,203,180,43,FIN,05:13:23,257,236,
519,HAMZA LAHLOU,Morocco,Male,M30-34,05:24:42,204,188,26,00:42:49,383,341,44,02:52:50,259,239,31,01:37:42,86,83,20,00:7:36,385,338,38,00:3:46,349,306,41,FIN,05:13:29,258,237,
547,Ali Kerim Gunay,Turkey,Male,M45-49,05:50:58,294,270,37,00:37:45,276,250,38,02:55:22,273,252,37,02:09:59,336,301,39,00:5:06,215,189,23,00:2:46,225,202,26,FIN,05:15:05,259,238,
437,Jean-Philippe Daveau,France,Male,M50-54,05:56:48,317,289,28,00:40:04,323,286,36,02:59:49,314,289,30,02:09:10,335,300,26,00:4:55,196,172,18,00:2:50,237,212,22,FIN,05:15:09,260,239,
219,Jad Ayoujil,Morocco,Male,M30-34,05:26:26,216,199,27,00:38:43,296,266,29,02:44:34,197,186,22,01:54:41,215,198,32,00:5:26,242,215,27,00:3:02,253,228,28,FIN,05:15:10,261,240,
312,Mouad Abouhali,Morocco,Male,M40-44,05:40:36,262,243,55,00:52:27,451,392,73,02:57:38,296,272,59,01:39:10,97,93,22,00:7:49,399,351,67,00:3:32,322,283,62,FIN,05:15:27,262,241,
380,Rachid Bennis,Morocco,Male,M45-49,05:51:29,295,271,38,00:41:41,356,316,45,03:01:59,323,297,44,01:57:25,243,223,26,00:7:05,361,316,47,00:3:20,296,263,39,FIN,05:15:33,263,242,
185,Jonathan Dhayer,France,Male,M25-29,05:17:55,180,168,13,00:33:41,146,135,14,02:53:38,267,247,23,01:42:55,131,124,13,00:5:12,223,196,20,00:2:29,183,163,21,FIN,05:15:39,264,243,
484,Hassan Aboufiras,Germany,Male,M60-64,06:25:50,394,351,13,00:35:22,208,188,10,03:04:14,337,308,13,02:36:13,430,376,14,00:8:26,420,370,14,00:1:35,39,36,1,FIN,05:16:04,265,244,
472,MOULAY AHMED EL AZHARI DAOUDI,Morocco,Male,M55-59,06:09:18,346,315,17,00:39:30,311,279,20,03:06:28,347,316,19,02:12:20,354,317,17,00:6:25,322,285,19,00:4:35,403,354,22,FIN,05:16:18,266,245,
275,Luke Chapman,United Kingdom,Male,M35-39,05:33:10,238,221,35,00:29:29,50,49,7,02:52:45,257,237,37,02:03:35,298,270,45,00:3:54,100,87,12,00:3:26,314,276,36,FIN,05:16:30,267,246,
424,Faiçal Zahlane,Morocco,Male,M45-49,05:52:44,298,274,39,00:40:48,342,303,44,02:46:29,210,197,30,02:13:02,358,320,44,00:8:20,417,367,54,00:4:05,371,325,49,FIN,05:16:41,268,247,
428,Nassim Aschtouk,Morocco,Male,M50-54,05:59:23,325,296,29,00:38:15,290,261,34,03:06:10,346,315,32,02:05:44,315,283,24,00:4:33,164,143,15,00:4:42,408,359,36,FIN,05:17:26,269,248,
381,Zach Benrhamous,Morocco,Male,M45-49,05:53:44,301,277,40,00:31:15,86,81,12,02:54:13,271,250,36,02:21:28,393,347,48,00:5:09,220,193,25,00:1:39,50,45,5,FIN,05:17:34,270,249,
191,Souhaib ESSAR-RHINI,Morocco,Male,M25-29,05:20:18,187,173,14,00:32:32,115,107,10,02:42:03,174,165,11,01:58:49,257,235,24,00:4:29,156,135,12,00:2:25,179,160,19,FIN,05:18:01,271,250,
349,Adil Loukid,Morocco,Male,M40-44,05:43:28,269,247,56,00:41:00,347,307,57,02:56:07,282,260,55,01:55:51,224,207,48,00:6:22,318,282,56,00:4:09,375,329,67,FIN,05:18:07,272,251,
330,MOHAMED ECHDID,Morocco,Male,M40-44,05:43:29,270,248,57,00:36:06,228,207,38,02:59:16,308,283,60,02:00:39,274,250,57,00:4:04,113,98,21,00:3:23,305,270,60,FIN,05:18:08,273,252,
285,Nathan Fletcher,United Kingdom,Male,M35-39,05:35:08,241,224,36,00:34:19,162,149,20,02:58:05,299,275,43,01:54:50,217,200,35,00:5:06,214,188,25,00:2:49,232,208,27,FIN,05:18:22,274,253,
475,David Fragoso Roig,Spain,Male,M55-59,06:11:56,356,323,18,00:38:12,289,260,18,03:19:06,412,368,21,02:04:23,306,276,12,00:6:06,300,267,18,00:4:09,377,331,17,FIN,05:18:33,275,254,
206,Leszek Nowaczyk,Poland,Male,M25-29,05:20:59,192,177,15,00:37:23,265,241,25,02:46:51,217,204,18,01:49:21,181,170,17,00:4:38,170,148,15,00:2:45,223,200,23,FIN,05:18:42,276,255,
520,MOUNIR LAKHLIFI,Morocco,Male,M30-34,05:30:28,232,215,28,00:37:07,258,235,24,02:48:18,224,210,25,01:58:44,256,234,33,00:4:08,121,104,15,00:2:11,125,108,15,FIN,05:19:03,277,256,
125,Arantza Burgoa Aguirregomezcorta,Spain,Female,F60-64,06:20:16,382,39,3,00:34:48,181,15,1,03:18:09,409,42,2,02:17:02,373,41,2,00:5:05,213,26,1,00:5:12,423,50,3,FIN,05:19:04,278,22,1
284,Ayoub Elhamji,Morocco,Male,M35-39,05:36:05,247,229,37,00:35:29,210,190,29,02:51:03,244,226,35,02:02:46,289,263,44,00:4:11,125,108,15,00:2:36,202,179,24,FIN,05:19:16,279,257,
110,Lamyaa Cherkab,Morocco,Female,F45-49,05:47:45,279,23,6,00:36:43,246,23,4,03:04:17,338,30,6,01:59:04,260,23,6,00:4:37,168,22,6,00:3:05,262,26,6,FIN,05:19:39,280,23,1
426,Abdeslam Afailal,Morocco,Male,M50-54,06:01:57,330,301,30,00:37:01,252,229,28,03:19:49,415,369,40,01:51:15,191,179,16,00:6:59,355,311,34,00:6:53,451,395,42,FIN,05:19:42,281,258,
271,Yahya Boulben El Fallah,Belgium,Male,M35-39,05:36:46,252,233,38,00:35:53,220,200,30,02:55:54,281,259,41,01:54:46,216,199,34,00:5:49,275,245,35,00:4:24,393,345,50,FIN,05:19:55,282,259,
564,Chakib Taha,Morocco,Male,M55-59,06:13:32,363,329,19,00:45:01,405,359,23,03:11:24,377,342,20,02:04:55,312,281,13,00:7:41,393,345,21,00:4:32,400,351,21,FIN,05:19:55,283,260,
119,Marine De Michelena,France,Female,F50-54,05:54:53,305,25,6,00:34:32,172,14,5,03:05:08,341,31,6,02:06:07,318,33,7,00:5:53,284,32,7,00:3:13,283,30,6,FIN,05:19:57,284,24,1
514,Abdelkader Boulouad,Morocco,Male,M30-34,05:31:41,235,218,29,00:35:00,192,175,17,02:58:25,301,277,34,01:51:20,192,180,29,00:4:55,194,170,22,00:2:00,95,82,11,FIN,05:20:14,285,261,
425,Farouk Abou Rahal,Lebanon,Male,M50-54,06:02:49,334,304,31,00:42:16,366,324,39,02:55:38,276,255,25,02:12:36,355,318,28,00:7:30,380,333,37,00:4:49,411,362,37,FIN,05:20:28,286,262,
445,Adil Haida,Morocco,Male,M50-54,06:02:49,335,305,32,00:42:07,365,323,38,03:12:49,383,347,37,01:57:19,241,221,19,00:7:20,376,329,36,00:3:14,286,255,31,FIN,05:20:28,287,263,
487,Driss Benkirane,Morocco,Male,M60-64,06:31:24,406,360,14,00:45:50,418,368,14,03:21:13,420,374,14,02:12:52,357,319,11,00:7:18,375,328,13,00:4:11,379,333,13,FIN,05:20:38,288,264,
10,Mark Meehan,Ireland,Male,M40-44,05:46:34,278,256,58,00:42:21,373,331,63,02:48:53,227,213,47,02:07:38,328,294,66,00:5:19,234,207,42,00:2:23,173,154,37,FIN,05:20:59,289,265,
413,Tahiri Nizar,Morocco,Male,M45-49,05:57:40,320,292,41,00:39:16,307,275,41,02:58:50,305,280,41,02:10:02,337,302,40,00:6:02,295,262,35,00:3:30,318,279,42,FIN,05:21:06,290,266,
392,Diaa Alhak EL FALLOUS,Morocco,Male,M45-49,05:57:45,322,293,42,00:42:23,375,333,50,03:10:47,373,338,52,01:56:05,227,210,24,00:6:10,305,271,39,00:2:18,151,134,20,FIN,05:21:11,291,267,
292,Hatim KAMEL,Morocco,Male,M35-39,05:38:46,258,239,39,00:45:19,411,364,48,02:50:25,239,222,33,01:49:31,183,172,30,00:8:30,422,372,56,00:5:01,418,369,54,FIN,05:21:49,292,268,
46,Youssef Oujaa,Morocco,Male,M30-34,05:33:45,240,223,30,00:37:54,282,255,28,02:43:28,191,181,20,02:06:48,323,290,39,00:3:04,34,31,5,00:2:31,190,169,20,FIN,05:22:14,293,269,
552,Wahb Atik,Morocco,Male,M45-49,05:59:31,327,298,43,00:42:21,374,332,49,02:57:17,292,269,39,02:10:03,338,303,41,00:6:55,349,307,44,00:2:56,248,223,29,FIN,05:22:46,294,270,
211,Pablo Serratosa Morón,Spain,Male,M25-29,05:26:04,212,195,16,00:31:23,89,84,9,02:53:50,268,248,24,01:52:37,201,188,18,00:4:27,153,133,11,00:3:47,353,310,33,FIN,05:23:45,295,271,
195,Remy Fragniere,Switzerland,Male,M25-29,05:26:18,214,197,17,00:29:31,51,50,7,02:45:47,206,193,16,02:02:23,284,258,29,00:5:03,208,183,18,00:3:34,326,287,30,FIN,05:23:58,296,272,
180,Anass Boudarka,United Kingdom,Male,M25-29,05:26:20,215,198,18,00:40:50,343,304,32,02:46:40,214,201,17,01:47:18,172,162,16,00:7:07,362,317,35,00:4:24,392,344,39,FIN,05:24:00,297,273,
429,rachid baali,France,Male,M50-54,06:07:13,342,311,33,00:28:25,27,27,3,03:07:17,354,322,34,02:22:46,396,349,36,00:5:55,287,254,28,00:2:49,234,210,21,FIN,05:24:21,298,274,
364,Hamza SELLAK,Morocco,Male,M40-44,05:50:36,289,266,59,00:45:06,406,360,67,02:55:23,274,253,52,01:57:38,246,226,53,00:7:53,403,354,68,00:4:36,405,356,70,FIN,05:24:43,299,275,
98,MAELLE PENNEC,France,Female,F35-39,05:36:18,249,19,3,00:34:56,188,17,3,02:57:30,295,24,5,01:58:31,254,22,3,00:4:01,107,15,1,00:1:21,14,1,1,FIN,05:24:47,300,25,1
203,Theo Meslin,France,Male,M25-29,05:28:06,223,206,19,00:33:06,127,118,12,02:52:29,253,233,21,01:55:20,221,204,21,00:5:03,209,184,19,00:2:08,117,101,13,FIN,05:25:46,301,276,
173,Walid AMHARE,Morocco,Male,M25-29,05:28:52,227,210,20,00:43:53,391,349,37,02:50:29,240,223,19,01:47:15,171,161,15,00:4:46,182,160,16,00:2:29,185,165,22,FIN,05:26:31,302,277,
186,Dixon Rowan,United Kingdom,Male,M25-29,05:29:00,228,211,21,00:35:42,215,195,21,02:51:50,249,230,20,01:53:45,210,196,20,00:5:24,240,213,22,00:2:18,148,131,15,FIN,05:26:39,303,278,
517,Salaheddine El khou,Morocco,Male,M30-34,05:38:23,257,238,31,00:40:12,326,289,32,02:58:46,304,279,35,01:47:14,170,160,27,00:9:30,441,385,48,00:2:40,211,188,24,FIN,05:26:42,304,279,
482,Ian Osborne,United Kingdom,Male,M55-59,06:21:40,385,346,20,00:31:43,98,93,5,03:03:33,331,303,18,02:39:06,440,385,21,00:4:18,135,117,8,00:3:01,252,227,11,FIN,05:26:53,305,280,
555,Sergio Marta,Italy,Male,M50-54,06:10:09,351,319,34,00:31:59,102,96,13,02:53:15,262,242,24,02:36:40,431,377,39,00:5:05,212,187,21,00:3:10,274,246,28,FIN,05:26:57,306,281,
401,Nacho Galán Moreno,Spain,Male,M45-49,06:04:53,338,308,44,00:32:20,110,102,15,03:04:00,333,305,45,02:20:50,391,345,47,00:4:53,191,167,19,00:2:49,233,209,28,FIN,05:27:35,307,282,
163,Mario Ruiz Botero,Panama,Male,M18-24,05:28:09,224,207,15,00:36:42,244,223,20,02:47:22,220,207,14,01:57:03,239,219,18,00:4:46,181,159,15,00:2:15,136,119,14,FIN,05:28:09,308,283,
308,Ali Timhadjelt,Morocco,Male,M35-39,05:45:26,277,255,40,00:42:41,381,339,44,02:58:15,300,276,44,01:52:39,203,190,32,00:7:32,381,334,48,00:4:19,389,343,49,FIN,05:28:09,309,284,
343,OMAR LAHBABI,Morocco,Male,M40-44,05:54:28,302,278,60,00:42:37,377,335,64,03:01:09,320,295,63,02:01:12,279,254,59,00:6:45,338,298,58,00:2:46,226,203,53,FIN,05:28:18,310,285,
234,Justin Hamill,United Kingdom,Male,M30-34,05:40:24,261,242,32,00:39:31,313,280,31,02:58:57,306,281,36,01:51:43,196,184,30,00:7:04,360,315,35,00:3:09,268,242,30,FIN,05:28:39,311,286,
498,Steve Gale,United Kingdom,Male,M65-69,07:10:17,450,394,6,00:49:53,445,386,6,03:27:47,438,387,6,02:35:03,426,373,6,00:11:41,457,399,6,00:5:53,436,385,6,FIN,05:28:44,312,287,
331,Mounir El Adib,Morocco,Male,M40-44,05:54:56,306,281,61,00:35:43,216,196,36,02:56:18,283,261,56,02:15:38,370,331,69,00:4:54,192,168,37,00:2:22,169,151,34,FIN,05:28:44,313,288,
378,Soufiane Bazouz,Morocco,Male,M45-49,06:06:16,339,309,45,00:45:38,414,367,57,03:11:22,376,341,54,01:59:13,263,240,32,00:7:17,373,326,48,00:2:46,227,204,27,FIN,05:28:50,314,289,
145,Piotr Blysz,Poland,Male,M18-24,05:29:08,229,212,16,00:28:56,37,37,6,02:49:19,231,216,16,02:05:47,316,284,21,00:3:13,51,44,7,00:1:54,79,70,9,FIN,05:29:08,315,290,
90,Camelea Mghazli,Morocco,Female,F30-34,05:35:23,242,18,3,00:40:18,330,39,6,02:58:29,303,25,3,01:46:11,165,9,2,00:7:14,370,46,5,00:3:12,278,29,4,FIN,05:29:36,316,26,1
570,BAUDOUIN BOULLIER,France,Male,M40-44,05:58:30,323,294,62,00:39:38,316,282,52,03:14:23,392,353,72,01:55:46,223,206,47,00:6:21,317,281,55,00:2:22,170,152,35,FIN,05:32:02,317,291,
416,Guillaume Rousseau,France,Male,M45-49,06:09:53,350,318,46,00:42:18,369,327,47,02:53:14,261,241,33,02:24:09,398,351,50,00:6:04,297,264,36,00:4:09,376,330,51,FIN,05:32:04,318,292,
236,Hicham Jaouad,Morocco,Male,M30-34,05:44:19,274,252,33,00:43:32,390,348,46,02:56:29,287,264,32,01:52:58,205,192,31,00:7:56,405,356,43,00:3:25,309,273,36,FIN,05:32:26,319,293,
149,JAD Cherqaoui,Morocco,Male,M18-24,05:33:06,237,220,17,00:33:07,128,119,13,03:11:10,375,340,20,01:41:02,115,108,12,00:5:42,269,240,17,00:2:06,110,95,13,FIN,05:33:06,320,294,
289,Mohamed HNANNOU,Morocco,Male,M35-39,05:50:42,290,267,41,00:47:20,435,380,52,02:51:41,246,228,36,01:59:49,269,245,39,00:7:51,402,353,52,00:4:02,365,320,45,FIN,05:33:09,321,295,
294,MOHAMMED AMINE KHALIDI,Morocco,Male,M35-39,05:50:51,291,268,42,00:40:59,346,306,41,03:00:28,317,292,45,02:00:00,270,246,40,00:5:49,277,247,36,00:3:34,327,288,39,FIN,05:33:18,322,296,
207,El mehdi Oubassan,Morocco,Male,M25-29,05:35:42,244,226,22,00:40:19,331,292,31,02:43:19,189,179,14,02:03:06,293,267,31,00:5:37,258,230,25,00:3:21,299,264,26,FIN,05:33:18,323,297,
383,Ahmed Chaouki Berrannoun,Morocco,Male,M45-49,06:11:17,354,321,47,00:30:03,69,67,9,03:06:33,348,317,48,02:08:13,330,295,38,00:19:50,461,402,61,00:6:39,449,393,59,FIN,05:33:20,324,298,
178,Alexandre Bernardo,France,Male,M25-29,05:35:54,246,228,23,00:33:47,149,137,15,02:57:30,294,271,25,01:59:15,264,241,26,00:3:30,69,60,6,00:1:53,78,69,10,FIN,05:33:30,325,299,
403,Emilio Gimenez Serantes,Argentina,Male,M45-49,06:11:57,357,324,48,00:35:58,225,204,29,02:53:58,270,249,35,02:29:43,415,363,54,00:7:37,389,342,52,00:4:40,407,358,53,FIN,05:33:56,326,300,
393,HICHAM EL JAMALI,Morocco,Male,M45-49,06:12:16,359,325,49,00:35:35,214,194,27,02:57:56,297,273,40,02:30:08,416,364,55,00:5:56,289,256,33,00:2:40,213,190,25,FIN,05:34:13,327,301,
446,Aladin Karouati,Morocco,Male,M50-54,06:19:11,378,341,35,00:37:33,272,247,30,03:07:01,352,320,33,02:20:45,390,344,35,00:7:54,404,355,40,00:5:59,437,386,40,FIN,05:34:55,328,302,
431,REDA BENZAKOUR,Morocco,Male,M50-54,06:19:23,380,342,36,00:35:53,221,201,25,03:13:26,389,351,38,02:16:47,372,332,32,00:7:35,384,337,38,00:5:42,433,383,39,FIN,05:35:06,329,303,
450,Karim Mouathassime,Morocco,Male,M50-54,06:19:33,381,343,37,00:34:20,166,153,22,03:22:13,426,379,42,02:13:35,360,321,29,00:6:33,331,292,30,00:2:51,239,214,23,FIN,05:35:15,330,304,
561,FRANCOIS MARTINEZ,France,Male,M55-59,06:31:37,407,361,21,00:39:08,305,273,19,03:20:13,417,371,22,02:19:41,382,339,20,00:8:25,419,369,22,00:4:10,378,332,18,FIN,05:35:25,331,305,
417,Sandali Tarik,Morocco,Male,M45-49,06:14:56,367,333,50,00:45:14,410,363,55,03:06:49,350,318,49,02:04:46,310,279,35,00:9:12,437,381,56,00:8:55,457,399,61,FIN,05:36:36,332,306,
240,Ilias Lazrak,Morocco,Male,M30-34,05:48:41,283,260,34,00:46:32,429,377,50,02:51:14,245,227,28,02:03:13,295,268,38,00:5:58,294,261,32,00:1:45,62,55,7,FIN,05:36:39,333,307,
73,Mohammed El Amrani,Morocco,Male,M35-39,05:54:38,304,280,43,00:54:33,455,396,57,02:54:34,272,251,40,01:56:34,229,212,36,00:5:37,259,231,30,00:3:21,301,266,34,FIN,05:36:54,334,308,
176,Reda Belahrach,Morocco,Male,M25-29,05:39:19,259,240,24,00:42:20,371,329,34,03:08:35,364,330,32,01:41:48,120,113,12,00:5:49,276,246,27,00:0:47,1,1,1,FIN,05:36:54,335,309,
245,Matis Marie,France,Male,M30-34,05:49:22,287,264,35,00:34:36,173,159,16,02:51:45,247,229,29,02:11:04,345,308,41,00:8:41,428,376,47,00:3:17,290,259,33,FIN,05:37:18,336,310,
282,Abdelmounaim elghazi,Morocco,Male,M35-39,05:55:07,307,282,44,00:46:00,422,372,50,02:50:57,242,225,34,02:08:17,332,297,50,00:7:37,388,341,51,00:2:15,137,120,14,FIN,05:37:21,337,311,
300,Spencer Napolitano,United Kingdom,Male,M35-39,05:55:28,310,284,45,00:35:08,196,177,24,02:56:18,284,262,42,02:07:26,326,292,49,00:9:24,438,382,58,00:7:11,454,397,58,FIN,05:37:41,338,312,
290,Thami Iraqi Houssaini,Morocco,Male,M35-39,05:55:40,312,286,46,00:37:05,255,232,31,03:07:38,359,325,50,01:59:17,265,242,38,00:5:37,260,232,31,00:6:03,441,390,55,FIN,05:37:53,339,313,
101,Maroua TADILI,Morocco,Female,F35-39,05:50:52,292,24,4,00:47:29,438,57,9,02:51:45,248,19,4,01:59:48,268,24,4,00:7:49,400,49,8,00:4:01,364,45,9,FIN,05:38:52,340,27,1
407,David Leach,United States,Male,M45-49,06:17:31,372,337,51,00:37:49,278,251,39,03:16:17,402,361,56,02:14:20,362,323,45,00:6:05,299,266,37,00:3:00,251,226,31,FIN,05:38:56,341,314,
273,Matt Cariglia,United Kingdom,Male,M35-39,05:57:16,319,291,47,00:29:20,45,44,6,03:12:28,380,344,52,02:06:38,322,289,48,00:5:42,270,241,33,00:3:07,267,241,32,FIN,05:39:24,342,315,
319,Marouen BEN HAJ YAHIA,Morocco,Male,M40-44,06:07:14,343,312,63,00:41:06,348,308,58,02:55:46,280,258,54,02:18:08,375,333,70,00:6:48,341,300,59,00:5:26,428,378,73,FIN,05:40:07,343,316,
142,Maha IBOURK,Morocco,Female,F50-54,06:17:56,374,36,7,00:45:45,415,48,8,03:19:26,414,46,8,02:03:11,294,27,5,00:6:45,339,41,8,00:2:49,235,25,5,FIN,05:40:44,344,28,1
216,Bilal AMAR,Morocco,Male,M30-34,05:53:14,299,275,36,00:42:18,368,326,42,03:16:44,405,364,44,01:44:19,146,138,25,00:7:17,372,325,37,00:2:36,204,181,22,FIN,05:41:02,345,317,
177,Amine Benomar,Morocco,Male,M25-29,05:43:31,272,250,25,00:36:40,243,222,23,02:58:00,298,274,26,02:01:08,278,253,28,00:5:24,241,214,23,00:2:20,160,143,17,FIN,05:41:04,346,318,
109,LAMIA ALAOUI,Morocco,Female,F45-49,06:11:16,353,33,7,00:39:38,317,35,8,03:06:46,349,32,7,02:07:53,329,35,7,00:10:06,449,57,11,00:6:54,452,57,11,FIN,05:41:16,347,29,
298,issam Malki,Morocco,Male,M35-39,05:59:29,326,297,48,00:43:15,387,345,45,03:04:59,339,309,47,02:02:16,283,257,43,00:5:57,291,258,38,00:3:04,258,233,30,FIN,05:41:30,348,319,
75,Omar Lahlou,Morocco,Male,M40-44,06:09:18,347,316,64,00:45:34,413,366,68,03:07:38,360,326,67,02:06:12,320,287,65,00:6:59,356,312,63,00:2:55,247,222,55,FIN,05:42:02,349,320,
508,Nasser lakrimi,Morocco,Male,M25-29,05:45:03,275,253,26,00:42:00,364,322,33,02:29:39,71,71,7,02:23:25,397,350,38,00:6:20,316,280,30,00:3:39,339,297,31,FIN,05:42:36,350,321,
276,Laurent Chardaire,France,Male,M35-39,06:00:49,329,300,49,00:35:24,209,189,28,03:17:46,407,366,56,01:57:01,238,218,37,00:6:52,346,305,45,00:3:47,354,311,43,FIN,05:42:46,351,322,
85,Laerke Mop Rasmussen,Denmark,Female,F25-29,05:43:15,267,21,1,00:39:02,302,31,3,02:56:28,286,23,1,02:01:21,281,26,2,00:4:47,185,23,1,00:1:38,46,5,1,FIN,05:43:15,352,30,1
350,Abdellah Marrakchi,Morocco,Male,M40-44,06:10:50,352,320,65,00:39:00,300,270,50,03:00:30,318,293,61,02:20:16,388,343,71,00:8:43,429,377,74,00:2:21,162,145,32,FIN,05:43:27,353,323,
513,Ayoub BELFARAANE,Morocco,Male,M30-34,05:56:01,314,287,37,00:40:43,338,299,35,03:21:25,423,377,48,01:42:55,132,125,24,00:7:47,397,349,41,00:3:11,277,249,32,FIN,05:43:44,354,324,
48,ANAS EL HANCHI,Morocco,Male,M35-39,06:02:27,332,302,50,00:34:05,157,144,19,02:53:24,263,243,38,02:25:10,404,356,56,00:6:44,337,297,43,00:3:04,259,234,31,FIN,05:44:19,355,325,
598,BENLAMLIH Mouhcine,Morocco,Male,M50-54,06:32:25,408,362,38,00:42:37,378,336,40,03:10:30,372,337,36,02:30:42,418,365,37,00:5:54,285,253,27,00:2:41,217,194,18,FIN,05:46:37,356,326,
534,ZAKARIA EL HAMDAOUI,Morocco,Male,M40-44,06:14:22,366,332,66,00:40:26,334,295,55,03:08:26,363,329,68,02:12:18,353,316,68,00:7:37,390,343,66,00:5:35,430,380,75,FIN,05:46:44,357,327,
550,Wei Sui,Belgium,Male,M45-49,06:26:58,396,352,52,00:43:03,385,343,52,02:59:16,309,284,42,02:35:05,427,374,57,00:5:31,253,225,28,00:4:04,369,323,48,FIN,05:47:25,358,328,
121,Fouzia Moussaoui,Morocco,Female,F50-54,06:26:11,395,44,8,00:39:52,320,36,7,03:09:31,368,35,7,02:26:32,409,50,8,00:6:56,350,43,9,00:3:20,297,34,7,FIN,05:48:10,359,31,
199,Fraser Koefman,United Kingdom,Male,M25-29,05:50:53,293,269,27,00:35:15,203,183,20,02:52:56,260,240,22,02:11:52,350,313,34,00:6:34,333,294,33,00:4:16,383,337,36,FIN,05:48:23,360,329,
414,Matthew Pearce,United Kingdom,Male,M45-49,06:28:10,400,355,53,00:50:39,449,390,61,02:59:20,310,285,43,02:26:45,410,360,52,00:8:14,414,365,53,00:3:12,281,252,37,FIN,05:48:29,361,330,
546,Kamal Filali Dahni,Morocco,Male,M45-49,06:28:48,403,358,54,00:44:50,404,358,53,03:31:46,446,392,61,01:56:50,236,216,25,00:10:01,448,392,58,00:5:21,426,376,56,FIN,05:49:03,362,331,
43,Zineb Tabahate,Morocco,Female,F35-39,06:02:00,331,30,5,00:47:26,437,56,8,03:04:10,335,29,7,02:00:41,275,25,5,00:6:33,329,39,7,00:3:10,273,28,5,FIN,05:49:37,363,32,
87,Hajar Bakkouch,Morocco,Female,F30-34,05:55:50,313,27,4,00:46:46,430,53,7,03:07:24,356,34,4,01:54:18,213,17,4,00:4:12,128,18,3,00:3:10,271,27,3,FIN,05:49:42,364,33,
192,Soufiane Ettanji,Morocco,Male,M25-29,05:52:32,297,273,28,00:35:13,201,181,19,03:14:45,395,356,33,01:52:54,204,191,19,00:6:19,314,278,29,00:3:21,300,265,27,FIN,05:50:01,365,332,
302,SALAHEDDINE OUAARAB,Morocco,Male,M35-39,06:08:57,345,314,51,00:40:27,336,297,39,03:07:15,353,321,49,02:12:01,352,315,52,00:5:49,278,248,37,00:3:25,310,274,35,FIN,05:50:30,366,333,
313,Karim Alikkane,Morocco,Male,M40-44,06:18:41,375,339,67,00:49:58,446,387,72,03:06:07,345,314,66,02:10:55,344,307,67,00:8:34,425,374,72,00:3:06,264,238,57,FIN,05:50:44,367,334,
481,Ali Abakhti-Mchachti,Morocco,Male,M55-59,06:53:05,436,382,22,00:35:30,211,191,11,02:59:38,311,286,16,03:08:24,461,402,23,00:7:08,364,319,20,00:2:24,176,157,9,FIN,05:53:48,368,335,
209,Romain Sabbagh,France,Male,M25-29,05:57:16,318,290,29,00:40:13,327,290,30,03:07:34,357,323,31,01:59:09,262,239,25,00:6:23,320,283,31,00:3:58,361,317,34,FIN,05:54:43,369,336,
81,Anouk Biolley,Switzerland,Female,F18-24,05:57:43,321,29,1,00:35:56,223,21,1,03:03:18,329,28,1,02:12:40,356,38,1,00:3:52,96,12,1,00:1:57,90,11,1,FIN,05:54:53,370,34,1
459,Simo Said,France,Male,M50-54,06:41:51,419,370,39,00:43:29,389,347,42,03:26:24,436,385,43,02:20:04,385,341,33,00:6:47,340,299,32,00:5:06,421,372,38,FIN,05:54:57,371,337,
317,Merouan BALLOUT,Morocco,Male,M40-44,06:23:19,388,348,68,00:52:38,453,394,74,03:15:24,399,359,73,02:03:01,292,266,61,00:6:49,342,301,60,00:5:27,429,379,74,FIN,05:55:01,372,338,
128,radia bennouna,Morocco,Female,F25-29,05:55:26,308,26,2,00:34:05,156,13,1,03:07:22,355,33,3,02:03:31,297,28,3,00:6:08,302,34,3,00:4:19,390,47,5,FIN,05:55:26,373,35,
169,Jesper Van Bondt,Belgium,Male,M18-24,05:55:27,309,283,18,00:44:45,402,356,23,02:59:49,313,288,17,01:56:36,230,213,17,00:9:47,444,388,24,00:4:30,399,350,22,FIN,05:55:27,374,339,
150,Rohan Chopra,United Kingdom,Male,M18-24,05:55:28,311,285,19,00:35:31,212,192,18,03:14:36,393,354,22,01:55:04,219,202,16,00:6:28,325,288,19,00:3:49,355,312,19,FIN,05:55:28,375,340,
441,Mohamed Wadii El Asri,Morocco,Male,M50-54,06:42:34,423,372,40,00:39:35,315,281,35,02:56:25,285,263,27,02:58:04,457,398,43,00:5:41,267,238,25,00:2:49,231,207,20,FIN,05:55:35,376,341,
509,Jad Saadani,France,Male,M25-29,05:58:44,324,295,30,00:39:52,319,284,29,02:59:53,315,290,28,02:08:23,333,298,32,00:7:45,395,347,39,00:2:52,241,216,24,FIN,05:56:11,377,342,
137,Bella Turner,United Kingdom,Female,F25-29,05:56:40,315,28,3,00:35:00,193,18,2,03:02:52,328,27,2,01:58:22,252,21,1,00:13:57,460,59,6,00:6:28,446,55,6,FIN,05:56:40,378,36,
548,Ossama Khaoua,Morocco,Male,M45-49,06:37:23,413,366,55,00:40:07,324,287,43,03:07:34,358,324,50,02:33:28,424,371,56,00:11:17,454,396,59,00:4:57,416,367,54,FIN,05:56:46,379,343,
379,MEHDI BENNIS,Morocco,Male,M45-49,06:37:56,414,367,56,00:36:32,242,221,33,03:23:17,431,382,59,02:26:53,411,361,53,00:7:32,382,335,51,00:3:41,341,299,46,FIN,05:57:15,380,344,
108,Hind Alaoui,Morocco,Female,F45-49,06:30:33,405,46,8,00:39:30,312,33,7,03:31:22,443,52,10,02:10:05,340,36,8,00:6:11,308,36,7,00:3:25,312,38,7,FIN,05:58:59,381,37,
224,Ismael Bouayad,Morocco,Male,M30-34,06:11:56,355,322,38,00:43:03,384,342,45,03:13:25,388,350,42,02:07:15,325,291,40,00:4:56,200,176,23,00:3:17,291,260,34,FIN,05:59:06,382,345,
134,Francoise Martinez,France,Female,F55-59,06:51:02,432,54,3,00:38:01,286,29,2,03:34:39,450,55,3,02:29:12,414,52,3,00:5:55,286,33,3,00:3:14,284,31,3,FIN,05:59:29,383,38,
194,Valters Finartijs,Latvia,Male,M25-29,06:02:38,333,303,31,00:33:52,150,138,16,02:58:28,302,278,27,02:19:37,381,338,37,00:7:38,391,344,37,00:3:02,254,229,25,FIN,06:00:03,384,346,
250,Michaël Scofield,Morocco,Male,M30-34,06:13:03,360,326,39,00:41:29,352,312,39,03:14:21,391,352,43,02:02:41,288,262,36,00:9:35,442,386,49,00:4:57,415,366,49,FIN,06:00:10,385,347,
189,WALID-SAMY EL MESSAOUDI,Morocco,Male,M25-29,06:03:00,336,306,32,00:38:56,299,269,27,03:16:11,401,360,34,01:57:21,242,222,23,00:6:33,330,291,32,00:3:59,362,318,35,FIN,06:00:25,386,348,
156,Rokas Judickas,Lithuania,Male,M18-24,06:00:41,328,299,20,00:41:35,353,313,21,03:09:28,367,333,19,01:59:17,266,243,19,00:6:52,345,304,21,00:3:28,315,277,18,FIN,06:00:41,387,349,
323,Benjamin Boje,Germany,Male,M40-44,06:29:40,404,359,69,00:45:53,420,370,69,03:00:42,319,294,62,02:32:21,421,368,73,00:6:52,347,306,62,00:3:51,357,313,65,FIN,06:00:54,388,350,
394,Amine El Kassy,Morocco,Male,M45-49,06:42:12,421,371,57,00:46:13,426,374,59,03:18:00,408,367,58,02:21:56,395,348,49,00:9:59,446,390,57,00:6:03,440,389,58,FIN,06:01:05,389,351,
297,Younes Lidary,Morocco,Male,M35-39,06:20:53,383,344,52,00:33:37,143,133,18,03:12:56,385,348,53,02:24:21,401,353,55,00:6:40,335,295,42,00:3:19,295,262,33,FIN,06:01:50,390,352,
306,Mohammed SALIHOUN,Morocco,Male,M35-39,06:20:54,384,345,53,00:50:43,450,391,55,03:14:40,394,355,54,02:03:54,303,274,47,00:8:01,406,357,53,00:3:37,334,293,40,FIN,06:01:51,391,353,
259,youssef taifouri,Morocco,Male,M30-34,06:15:26,368,334,40,00:40:23,332,293,33,03:20:02,416,370,45,02:02:47,290,264,37,00:7:36,387,340,39,00:4:39,406,357,45,FIN,06:02:28,392,354,
287,Theyab Alhajeri,United Arab Emirates,Male,M35-39,06:21:58,386,347,54,00:45:56,421,371,49,03:02:34,327,301,46,02:24:17,399,352,54,00:6:17,311,275,41,00:2:54,243,218,29,FIN,06:02:52,393,355,
88,Souki Benchekroun,Morocco,Female,F30-34,06:09:25,349,32,5,00:38:34,294,30,3,03:18:40,410,43,5,02:04:59,313,32,5,00:5:07,218,27,4,00:2:06,112,16,2,FIN,06:03:03,394,39,
94,Amal Chaoui,Morocco,Female,F35-39,06:16:17,369,35,6,00:48:31,442,59,11,03:01:20,321,26,6,02:18:10,376,43,10,00:5:30,248,28,5,00:2:47,229,24,4,FIN,06:03:24,395,40,
243,EL MEHDI MANSOURA,Morocco,Male,M30-34,06:16:46,371,336,41,00:36:24,236,215,21,03:12:14,379,343,41,02:18:52,377,334,42,00:4:21,140,122,18,00:4:55,414,365,48,FIN,06:03:46,396,356,
462,KHALID SLASSI,Morocco,Male,M50-54,06:52:04,434,380,41,00:42:40,379,337,41,03:09:21,366,332,35,02:45:16,449,390,42,00:8:02,407,358,41,00:6:45,450,394,41,FIN,06:03:58,397,357,
373,ZOUBAIR ABDESSAMAD,Morocco,Male,M40-44,06:33:02,410,363,70,01:02:15,460,401,77,03:12:28,381,345,71,02:04:18,305,275,62,00:9:27,439,383,76,00:4:35,404,355,69,FIN,06:04:01,398,358,
197,Lewis Goldie,United Kingdom,Male,M25-29,06:07:18,344,313,33,00:34:28,169,156,18,03:16:18,403,362,35,02:02:50,291,265,30,00:8:04,410,361,40,00:5:39,431,381,42,FIN,06:04:41,399,359,
106,Meryem Ouarid,Morocco,Female,F40-44,06:27:37,398,45,4,00:37:55,283,28,4,03:14:10,390,39,4,02:25:12,405,49,6,00:6:38,334,40,5,00:3:42,343,43,4,FIN,06:05:22,400,41,
229,nasser elkheir,Morocco,Male,M30-34,06:18:44,376,340,42,00:58:08,457,398,52,03:09:57,371,336,40,01:59:06,261,238,34,00:7:48,398,350,42,00:3:45,346,303,39,FIN,06:05:40,401,360,
141,Saloua Belhabchia,Morocco,Female,F35-39,06:18:51,377,37,7,00:47:54,439,58,10,03:15:14,398,40,9,02:03:53,302,29,6,00:8:31,423,51,9,00:3:19,294,33,6,FIN,06:05:53,402,42,
456,DOMENICO PADUANO,Italy,Male,M50-54,06:54:31,438,384,42,00:40:46,341,302,37,03:21:41,424,378,41,02:40:26,443,388,41,00:7:50,401,352,39,00:3:47,352,309,34,FIN,06:06:08,403,361,
99,Mireille Ruepert,Netherlands,Female,F35-39,06:19:12,379,38,8,00:39:55,321,37,5,02:50:18,237,17,3,02:40:54,444,56,11,00:4:28,154,21,3,00:3:37,333,41,8,FIN,06:06:13,404,43,
398,Mohammed ELKOUHEN,Morocco,Male,M45-49,06:48:01,427,376,58,00:36:01,226,205,30,03:13:17,387,349,55,02:37:40,435,380,58,00:12:56,459,401,60,00:8:07,456,398,60,FIN,06:06:19,405,362,
360,Florian REBOUL,France,Male,M40-44,06:37:14,412,365,71,00:44:28,398,353,66,03:03:51,332,304,65,02:37:54,436,381,76,00:8:38,427,375,73,00:2:22,171,153,36,FIN,06:07:55,406,363,
120,Samira Erraidi,Morocco,Female,F50-54,06:49:30,429,52,9,00:46:06,424,51,9,03:23:42,432,50,9,02:30:30,417,53,9,00:5:52,283,31,6,00:3:21,298,35,8,FIN,06:09:12,407,44,
166,Kristijonas Sidlauskas,Lithuania,Male,M18-24,06:09:19,348,317,21,00:43:53,393,350,22,03:03:28,330,302,18,02:10:10,341,305,22,00:7:18,374,327,23,00:4:29,397,348,21,FIN,06:09:19,408,364,
113,SANAA NABIL,Morocco,Female,F45-49,06:42:12,420,50,9,00:46:10,425,52,11,03:19:06,411,44,8,02:21:56,394,47,9,00:9:08,435,56,10,00:5:51,435,51,8,FIN,06:09:42,409,45,
102,Meriem Tsunami Boutaib,Morocco,Female,F40-44,06:32:47,409,47,5,00:43:54,394,44,6,03:31:35,444,53,6,02:07:07,324,34,4,00:6:10,307,35,4,00:4:02,367,46,5,FIN,06:10:14,410,46,
95,Hollie Coe,United Kingdom,Female,F35-39,06:23:40,389,41,9,00:41:48,359,41,6,03:21:52,425,47,11,02:10:14,342,37,7,00:6:22,319,37,6,00:3:25,311,37,7,FIN,06:10:32,411,47,
434,Younes Boulben El Fallah,Belgium,Male,M50-54,06:59:44,443,388,43,00:47:21,436,381,43,03:15:06,397,358,39,02:38:53,438,383,40,00:11:24,455,397,43,00:6:59,453,396,43,FIN,06:10:45,412,365,
506,Jabrane AMARIR,Morocco,Male,M25-29,06:14:04,365,331,34,00:44:25,397,352,38,03:04:07,334,306,30,02:15:33,369,330,36,00:5:33,255,227,24,00:4:26,395,347,40,FIN,06:11:24,413,366,
96,Hind El Bakkali El Hassani,Morocco,Female,F35-39,06:24:46,390,42,10,00:33:46,148,12,2,03:16:06,400,41,10,02:16:01,371,40,9,00:8:35,426,52,10,00:10:18,459,59,11,FIN,06:11:36,414,48,
222,Amine Benkirane,Morocco,Male,M30-34,06:25:29,392,349,43,00:42:19,370,328,43,03:00:07,316,291,37,02:32:58,423,370,46,00:5:18,233,206,25,00:4:47,410,361,46,FIN,06:12:11,415,367,
97,Houda HADI,Morocco,Female,F35-39,06:25:24,391,43,11,00:45:50,417,50,7,03:13:00,386,38,8,02:13:05,359,39,8,00:9:03,433,55,11,00:4:26,396,49,10,FIN,06:12:13,416,49,
154,Ilyass Harrasse,Morocco,Male,M18-24,06:13:06,361,327,22,00:36:32,241,220,19,03:20:52,418,372,23,02:04:51,311,280,20,00:5:50,282,252,18,00:5:02,419,370,24,FIN,06:13:06,417,368,
151,Oscar Cruz-O'Dwyer,United Kingdom,Male,M18-24,06:13:13,362,328,23,00:30:23,74,70,11,03:12:33,382,346,21,02:19:17,379,336,23,00:6:28,326,289,20,00:4:33,402,353,23,FIN,06:13:13,418,369,
567,ABDELMOUNEIM AHID,Morocco,Male,M40-44,06:43:52,424,373,72,00:38:48,297,267,49,03:09:52,369,334,69,02:39:01,439,384,77,00:10:47,452,394,77,00:5:24,427,377,72,FIN,06:14:03,419,370,
227,HICHAM EL AZOUDY,Morocco,Male,M30-34,06:27:54,399,354,44,00:43:57,395,351,47,03:04:13,336,307,38,02:26:08,407,358,45,00:9:50,445,389,50,00:3:45,347,304,40,FIN,06:14:31,420,371,
242,Ali Lozzi,Morocco,Male,M30-34,06:28:17,401,356,45,00:44:38,400,354,48,02:57:02,289,266,33,02:33:49,425,372,47,00:7:46,396,348,40,00:5:02,420,371,50,FIN,06:14:53,421,372,
183,Fabio Cillario,Italy,Male,M25-29,06:17:39,373,338,35,00:32:53,123,114,11,03:37:18,453,396,41,01:55:56,225,208,22,00:8:09,411,362,41,00:3:23,306,271,29,FIN,06:14:58,422,373,
347,Markus Leipelt,Germany,Male,M40-44,06:45:26,425,374,73,00:40:25,333,294,54,03:09:56,370,335,70,02:36:56,432,378,75,00:8:28,421,371,70,00:9:41,458,400,77,FIN,06:15:30,423,374,
104,KARIMA LAAZIZ,Morocco,Female,F40-44,06:38:56,416,48,6,00:41:55,361,42,5,03:22:54,430,49,5,02:20:40,389,46,5,00:6:59,354,44,6,00:6:28,445,54,6,FIN,06:16:02,424,50,
133,Fatima Lahricha,Morocco,Female,F55-59,07:10:38,452,57,4,00:45:48,416,49,3,03:36:31,452,57,4,02:36:56,433,55,4,00:7:02,358,45,4,00:4:21,391,48,4,FIN,06:16:37,425,51,
266,Mehdi Bathily,France,Male,M35-39,06:36:45,411,364,55,00:50:34,447,388,53,03:22:48,428,380,57,02:10:03,339,304,51,00:6:51,344,303,44,00:6:29,447,392,57,FIN,06:16:54,426,375,
363,Samir Ibourk,Morocco,Male,M40-44,06:47:04,426,375,74,00:46:25,427,375,70,03:48:06,457,400,77,02:00:08,271,247,56,00:8:32,424,373,71,00:3:53,358,314,66,FIN,06:17:01,427,376,
342,Hamid Kabbage,Morocco,Male,M40-44,06:52:29,435,381,75,00:53:51,454,395,75,03:43:19,456,399,76,02:06:03,317,285,64,00:6:34,332,293,57,00:2:43,220,197,51,FIN,06:22:02,428,377,
83,DIANE MARQUET DE VASSELOT,France,Female,F25-29,06:22:37,387,40,4,00:40:56,345,40,5,03:12:52,384,37,5,02:19:49,383,44,4,00:6:31,327,38,4,00:2:29,188,21,3,FIN,06:22:37,429,52,
170,ILYASSE ACHAOUI,Morocco,Male,M25-29,06:25:38,393,350,36,00:46:27,428,376,39,03:29:51,441,390,38,01:59:23,267,244,27,00:6:10,306,272,28,00:3:46,351,308,32,FIN,06:22:53,430,378,
190,Yassir Elamrani,Morocco,Male,M25-29,06:27:07,397,353,37,00:39:49,318,283,28,03:24:20,434,383,37,02:11:39,348,311,33,00:7:01,357,313,34,00:4:17,385,339,37,FIN,06:24:22,431,379,
115,Chadia Saidi,Morocco,Female,F45-49,06:58:27,441,55,10,00:44:36,399,46,10,03:35:06,451,56,11,02:24:21,400,48,10,00:8:15,415,50,8,00:6:09,442,52,9,FIN,06:24:38,432,53,
400,Frédéric MONCOMBLE,France,Male,M45-49,07:08:40,448,392,59,00:42:40,380,338,51,03:11:04,374,339,53,03:04:50,460,401,61,00:7:04,359,314,46,00:3:03,256,231,32,FIN,06:24:51,433,380,
181,zakaria boutraba,Morocco,Male,M25-29,06:28:21,402,357,38,00:49:16,444,385,41,03:16:34,404,363,36,02:14:37,365,326,35,00:4:32,162,141,14,00:3:21,302,267,28,FIN,06:25:35,434,381,
409,Adyl Melhaoui,Morocco,Male,M45-49,07:10:20,451,395,60,00:35:11,199,180,25,03:16:46,406,365,57,03:03:29,459,400,60,00:8:54,431,378,55,00:6:00,438,387,57,FIN,06:26:21,435,382,
536,REDA ELKOTBI,Morocco,Male,M40-44,06:57:10,439,385,76,00:48:22,440,382,71,03:21:21,421,375,74,02:32:29,422,369,74,00:9:11,436,380,75,00:5:46,434,384,76,FIN,06:26:22,436,383,
226,Andres Cester Robert,Spain,Male,M30-34,06:41:10,418,369,46,00:40:46,340,301,37,03:21:00,419,373,46,02:24:57,403,355,44,00:8:23,418,368,46,00:6:03,439,388,51,FIN,06:27:19,437,384,
468,Hakim Charrat,Morocco,Male,M55-59,07:32:46,457,400,23,00:44:44,401,355,22,03:42:14,455,398,23,02:51:30,454,395,22,00:10:00,447,391,23,00:4:18,386,340,20,FIN,06:27:47,438,385,
305,Alexandre Ramrami,Morocco,Male,M35-39,06:48:22,428,377,56,00:47:05,432,378,51,03:08:03,362,328,51,02:39:36,442,387,57,00:7:11,367,322,47,00:6:27,444,391,56,FIN,06:27:56,439,386,
339,fouad ET-TAYYEBY,Morocco,Male,M40-44,06:59:21,442,387,77,00:55:13,456,397,76,03:26:39,437,386,75,02:25:25,406,357,72,00:7:21,377,330,65,00:4:43,409,360,71,FIN,06:28:24,440,387,
111,Caroline Gale,Monaco,Female,F45-49,07:06:54,447,56,11,00:44:23,396,45,9,03:23:48,433,51,9,02:43:22,447,58,11,00:9:02,432,54,9,00:6:19,443,53,10,FIN,06:32:24,441,54,
304,SALAH RABBAH,Morocco,Male,M35-39,06:53:45,437,383,57,00:58:56,458,399,58,03:24:36,435,384,58,02:19:09,378,335,53,00:6:05,298,265,39,00:4:58,417,368,53,FIN,06:33:03,442,388,
376,Aziz Allach,Netherlands,Male,M45-49,07:18:29,453,396,61,00:47:07,433,379,60,03:29:05,440,389,60,02:50:46,453,394,59,00:7:23,378,331,49,00:4:08,373,327,50,FIN,06:33:40,443,389,
138,Natalia Esteba Torres,Spain,Female,F30-34,06:41:10,417,49,6,00:39:03,303,32,4,03:22:20,427,48,6,02:27:21,412,51,7,00:8:48,430,53,6,00:3:38,335,42,6,FIN,06:34:15,444,55,
200,Liudvikas Kulvietis,Lithuania,Male,M25-29,06:38:18,415,368,39,00:48:24,441,383,40,03:02:15,325,299,29,02:38:15,437,382,40,00:4:15,132,114,10,00:5:10,422,373,41,FIN,06:35:28,445,390,
244,Abderrahmane Marehoum,Morocco,Male,M30-34,06:50:54,431,378,47,00:44:48,403,357,49,03:21:24,422,376,47,02:35:19,428,375,48,00:5:49,274,244,30,00:3:34,325,286,38,FIN,06:36:43,446,391,
258,Naim Taibi,Luxembourg,Male,M30-34,06:51:48,433,379,48,00:42:17,367,325,41,03:33:44,447,393,51,02:19:52,384,340,43,00:12:22,458,400,52,00:3:33,324,285,37,FIN,06:37:35,447,392,
84,Ellie Morgan,United Kingdom,Female,F25-29,06:42:26,422,51,5,00:39:34,314,34,4,03:11:48,378,36,4,02:42:05,445,57,5,00:5:41,266,29,2,00:3:18,292,32,4,FIN,06:42:26,448,56,
218,Anbar Ayoujil,Morocco,Male,M30-34,06:57:12,440,386,49,00:40:45,339,300,36,03:07:54,361,327,39,02:55:40,455,396,52,00:8:04,409,360,45,00:4:50,412,363,47,FIN,06:42:48,449,393,
129,HOUDA AZMI,Morocco,Female,F30-34,06:50:13,430,53,7,00:40:15,328,38,5,03:31:37,445,54,7,02:20:11,386,45,6,00:10:38,451,58,7,00:7:33,455,58,7,FIN,06:43:09,450,57,
233,Mikael Gross,Switzerland,Male,M30-34,07:02:51,444,389,50,00:40:27,335,296,34,03:28:06,439,388,50,02:43:12,446,389,50,00:8:02,408,359,44,00:3:03,255,230,29,FIN,06:48:15,451,394,
228,Anass El Mandili,Morocco,Male,M30-34,07:04:29,445,390,51,00:41:29,351,311,38,03:22:51,429,381,49,02:37:30,434,379,49,00:11:30,456,398,51,00:11:09,460,401,52,FIN,06:49:50,452,395,
174,MARDY ANAS,Morocco,Male,M25-29,07:05:59,446,391,40,00:42:27,376,334,35,03:34:26,449,395,40,02:39:08,441,386,41,00:7:43,394,346,38,00:2:16,139,122,14,FIN,07:02:57,453,396,
262,Hitesh Adwani,India,Male,M35-39,07:25:19,456,399,58,00:52:32,452,393,56,03:15:01,396,357,55,02:55:48,456,397,58,00:9:07,434,379,57,00:12:50,461,402,59,FIN,07:03:03,454,397,
239,Younes Laklalech,Morocco,Male,M30-34,07:19:35,454,397,52,00:49:06,443,384,51,03:33:56,448,394,52,02:45:36,450,391,51,00:6:25,321,284,34,00:4:33,401,352,44,FIN,07:04:25,455,398,
205,Dimitri Neault,France,Male,M25-29,07:09:41,449,393,41,00:43:06,386,344,36,03:31:02,442,391,39,02:46:00,451,392,42,00:7:10,366,321,36,00:2:22,166,149,18,FIN,07:06:37,456,399,
103,Maha IDRISSI AOUAD,Morocco,Female,F40-44,07:33:35,458,58,7,00:47:11,434,55,7,03:56:26,459,58,7,02:35:46,429,54,7,00:7:41,392,48,7,00:6:30,448,56,7,FIN,07:07:32,457,58,
153,CHARIF GHILANI,Morocco,Male,M18-24,07:24:29,455,398,24,00:46:03,423,373,24,03:41:31,454,397,24,02:46:51,452,393,24,00:7:14,369,324,22,00:2:50,236,211,17,FIN,07:24:29,458,400,
198,Manav Jain,India,Male,M25-29,07:39:38,459,401,42,01:00:27,459,400,42,03:59:02,460,402,42,02:26:11,408,359,39,00:9:40,443,387,42,00:4:18,387,341,38,FIN,07:36:22,459,401,
82,Nada Charraoue,Morocco,Female,F25-29,07:42:38,460,59,6,00:45:08,408,47,6,04:04:43,461,59,6,02:43:39,448,59,6,00:7:15,371,47,5,00:1:53,77,9,2,FIN,07:42:38,460,59,
280,Issam EL-GHAFFOULI,Morocco,Male,M35-39,08:11:43,461,402,59,01:07:01,461,402,59,03:50:59,458,401,59,02:58:21,458,399,59,00:11:11,453,395,59,00:4:12,380,334,48,FIN,07:47:07,461,402,
438,Daniele Demartis,Italy,Male,M50-54,00:0:0,,,,00:0:0,,,,00:0:0,,,,00:0:0,,,,00:0:0,,,,00:0:0,,,,DNS,00:0:0,,,
479,Laurent Jalabert,France,Male,M55-59,00:0:0,,,,00:0:0,,,,00:0:0,,,,00:0:0,,,,00:0:0,,,,00:0:0,,,,DNS,00:0:0,,,
162,Jules ROY,France,Male,M18-24,00:0:0,,,,00:23:09,,,,00:0:0,,,,00:0:0,,,,00:2:26,,,,00:0:0,,,,DNF,00:0:0,,,
215,Salem Alneyadi,United Arab Emirates,Male,M30-34,00:0:0,,,,00:0:0,,,,00:0:0,,,,00:0:0,,,,00:0:0,,,,00:0:0,,,,DNS,00:0:0,,,
461,Aakash Singh,India,Male,M50-54,00:0:0,,,,00:0:0,,,,00:0:0,,,,00:0:0,,,,00:0:0,,,,00:0:0,,,,DNS,00:0:0,,,
66,Ahmed Majt,Morocco,Male,M40-44,00:0:0,,,,00:0:0,,,,00:0:0,,,,00:0:0,,,,00:0:0,,,,00:0:0,,,,DNS,00:0:0,,,
63,M’hamed Chraibi,Morocco,Male,M40-44,00:0:0,,,,00:0:0,,,,00:0:0,,,,00:0:0,,,,00:0:0,,,,00:0:0,,,,DNS,00:0:0,,,
188,Adam EL IDRISSI JALLAL,Morocco,Male,M25-29,00:0:0,,,,00:59:31,,,,03:58:21,,,,02:11:06,,,,00:13:47,,,,00:7:55,,,,DNF,00:0:0,,,
74,Hicham Benaamara,Morocco,Male,M40-44,00:0:0,,,,00:0:0,,,,00:0:0,,,,00:0:0,,,,00:0:0,,,,00:0:0,,,,DNS,00:0:0,,,
127,Nadia Dadoun,Morocco,Female,F65-69,00:0:0,,,,01:14:18,,,,00:0:0,,,,00:0:0,,,,00:0:0,,,,00:0:0,,,,DNF,00:0:0,,,
368,Youssef TOUIL,Morocco,Male,M40-44,00:0:0,,,,00:0:0,,,,00:0:0,,,,00:0:0,,,,00:0:0,,,,00:0:0,,,,DNS,00:0:0,,,
444,Tison Gregory,France,Male,M50-54,00:0:0,,,,00:0:0,,,,00:0:0,,,,00:0:0,,,,00:0:0,,,,00:0:0,,,,DNS,00:0:0,,,
41,Ludovic CHARASSE,France,Male,M55-59,00:0:0,,,,00:0:0,,,,00:0:0,,,,00:0:0,,,,00:0:0,,,,00:0:0,,,,DNS,00:0:0,,,
451,Serhane Mourad,Morocco,Male,M50-54,00:0:0,,,,00:45:13,,,,03:27:44,,,,00:0:0,,,,00:11:02,,,,00:4:52,,,,DNF,00:0:0,,,
440,Jamal El Aoufi,Morocco,Male,M50-54,00:0:0,,,,00:45:45,,,,00:0:0,,,,00:0:0,,,,00:0:0,,,,00:0:0,,,,DNF,00:0:0,,,
278,Badr Darik,Morocco,Male,M35-39,00:0:0,,,,00:0:0,,,,00:0:0,,,,00:0:0,,,,00:0:0,,,,00:0:0,,,,DNS,00:0:0,,,
2,Angelo Mullaliu,Albania,Male,M30-34,00:0:0,,,,00:0:0,,,,00:0:0,,,,00:0:0,,,,00:0:0,,,,00:0:0,,,,DNS,00:0:0,,,
346,samir lazrak,France,Male,M40-44,00:0:0,,,,00:0:0,,,,00:0:0,,,,00:0:0,,,,00:0:0,,,,00:0:0,,,,DNS,00:0:0,,,
356,Evgeny Ostrovsky,Cyprus,Male,M40-44,00:0:0,,,,00:0:0,,,,00:0:0,,,,00:0:0,,,,00:0:0,,,,00:0:0,,,,DNS,00:0:0,,,
3,Andy De Roover,Belgium,Male,M45-49,00:0:0,,,,00:0:0,,,,00:0:0,,,,00:0:0,,,,00:0:0,,,,00:0:0,,,,DNS,00:0:0,,,
549,Rodrigo Morales,Peru,Male,M45-49,00:0:0,,,,00:42:53,,,,04:34:58,,,,00:0:0,,,,00:6:25,,,,00:0:0,,,,DNF,00:0:0,,,
64,Najib El Allouche,Morocco,Male,M40-44,00:0:0,,,,00:0:0,,,,00:0:0,,,,00:0:0,,,,00:0:0,,,,00:0:0,,,,DNS,00:0:0,,,
208,Arthur Pereira,France,Male,M25-29,00:0:0,,,,00:0:0,,,,00:0:0,,,,00:0:0,,,,00:0:0,,,,00:0:0,,,,DNS,00:0:0,,,
62,Yassine Boussetta,Morocco,Male,M40-44,00:0:0,,,,00:0:0,,,,00:0:0,,,,00:0:0,,,,00:0:0,,,,00:0:0,,,,DNS,00:0:0,,,
18,Claudia Schiewe,Germany,Female,F60-64,00:0:0,,,,00:0:0,,,,00:0:0,,,,00:0:0,,,,00:0:0,,,,00:0:0,,,,DNS,00:0:0,,,
72,Ismail Bouih,Morocco,Male,M35-39,00:0:0,,,,00:0:0,,,,00:0:0,,,,00:0:0,,,,00:0:0,,,,00:0:0,,,,DNS,00:0:0,,,
377,TALAL ALSHAMARI,Qatar,Male,M45-49,00:0:0,,,,00:0:0,,,,00:0:0,,,,00:0:0,,,,00:0:0,,,,00:0:0,,,,DNS,00:0:0,,,
315,Ahmed BAHIR,Morocco,Male,M40-44,00:0:0,,,,00:0:0,,,,00:0:0,,,,00:0:0,,,,00:0:0,,,,00:0:0,,,,DNS,00:0:0,,,
474,MOHAMED FAWDI,France,Male,M55-59,00:0:0,,,,00:0:0,,,,00:0:0,,,,00:0:0,,,,00:0:0,,,,00:0:0,,,,DNS,00:0:0,,,
171,Rashed Alhajeri,United Arab Emirates,Male,M25-29,00:0:0,,,,00:0:0,,,,00:0:0,,,,00:0:0,,,,00:0:0,,,,00:0:0,,,,DNS,00:0:0,,,
465,alain BINSINGER,Monaco,Male,M55-59,00:0:0,,,,00:0:0,,,,00:0:0,,,,00:0:0,,,,00:0:0,,,,00:0:0,,,,DNS,00:0:0,,,
272,Younes Gianni Brignone,Morocco,Male,M35-39,00:0:0,,,,00:0:0,,,,00:0:0,,,,00:0:0,,,,00:0:0,,,,00:0:0,,,,DNS,00:0:0,,,
65,Otmane Lazrak,Morocco,Male,M40-44,00:0:0,,,,00:31:21,,,,02:30:04,,,,01:10:52,,,,00:4:47,,,,00:4:45,,,,DNF,00:0:0,,,
76,Ahmed Achaach,Morocco,Male,M50-54,00:0:0,,,,00:0:0,,,,00:0:0,,,,00:0:0,,,,00:0:0,,,,00:0:0,,,,DNS,00:0:0,,,
502,Philippe Van amme,France,Male,M65-69,00:0:0,,,,00:0:0,,,,00:0:0,,,,00:0:0,,,,00:0:0,,,,00:0:0,,,,DNS,00:0:0,,,
358,Phillip Pullen,United Kingdom,Male,M40-44,00:0:0,,,,00:0:0,,,,00:0:0,,,,00:0:0,,,,00:0:0,,,,00:0:0,,,,DNS,00:0:0,,,
257,Karim Tadili,Canada,Male,M30-34,00:0:0,,,,00:0:0,,,,00:0:0,,,,00:0:0,,,,00:0:0,,,,00:0:0,,,,DNS,00:0:0,,,
489,Mark Cogan,United Kingdom,Male,M60-64,00:0:0,,,,00:0:0,,,,00:0:0,,,,00:0:0,,,,00:0:0,,,,00:0:0,,,,DNS,00:0:0,,,
286,Tim Guillemet,France,Male,M35-39,00:0:0,,,,00:0:0,,,,00:0:0,,,,00:0:0,,,,00:0:0,,,,00:0:0,,,,DNS,00:0:0,,,
348,Dmitry Lisnevsky,,Male,M40-44,00:0:0,,,,00:0:0,,,,00:0:0,,,,00:0:0,,,,00:0:0,,,,00:0:0,,,,DNS,00:0:0,,,
77,Youssef Aibar,Morocco,Male,M60-64,00:0:0,,,,00:0:0,,,,00:0:0,,,,00:0:0,,,,00:0:0,,,,00:0:0,,,,DNS,00:0:0,,,
80,Luka Barzdaitė,Lithuania,Female,F18-24,00:0:0,,,,00:0:0,,,,00:0:0,,,,00:0:0,,,,00:0:0,,,,00:0:0,,,,DNS,00:0:0,,,
490,Laurent Delannoy,France,Male,M60-64,00:0:0,,,,00:0:0,,,,00:0:0,,,,00:0:0,,,,00:0:0,,,,00:0:0,,,,DNS,00:0:0,,,
374,Fouad Alikkane,Morocco,Male,M45-49,00:0:0,,,,00:52:19,,,,03:27:22,,,,00:0:0,,,,00:11:55,,,,00:0:0,,,,DNF,00:0:0,,,
86,Khrystyna Salkova,Ukraine,Female,F25-29,00:0:0,,,,00:0:0,,,,00:0:0,,,,00:0:0,,,,00:0:0,,,,00:0:0,,,,DNS,00:0:0,,,
476,Franck Gérard,France,Male,M55-59,00:0:0,,,,00:0:0,,,,00:0:0,,,,00:0:0,,,,00:0:0,,,,00:0:0,,,,DNS,00:0:0,,,
256,Reda Slimani,France,Male,M30-34,00:0:0,,,,00:0:0,,,,00:0:0,,,,00:0:0,,,,00:0:0,,,,00:0:0,,,,DNS,00:0:0,,,
69,Javier Fernandez-Cabaleiro,Morocco,Male,M50-54,00:0:0,,,,00:0:0,,,,00:0:0,,,,00:0:0,,,,00:0:0,,,,00:0:0,,,,DNS,00:0:0,,,
60,Mohammed Idrissi Serghini,Morocco,Male,M35-39,00:0:0,,,,00:0:0,,,,00:0:0,,,,00:0:0,,,,00:0:0,,,,00:0:0,,,,DNS,00:0:0,,,
301,Loris Nazon,France,Male,M35-39,00:0:0,,,,00:32:59,,,,00:0:0,,,,00:0:0,,,,00:3:47,,,,00:0:0,,,,DNF,00:0:0,,,
263,Mohamed Alromaithi,United Arab Emirates,Male,M35-39,00:0:0,,,,00:0:0,,,,00:0:0,,,,00:0:0,,,,00:0:0,,,,00:0:0,,,,DNS,00:0:0,,,
389,Arnaitz Burgoa,Spain,Male,M45-49,00:0:0,,,,00:28:30,,,,00:0:0,,,,00:0:0,,,,00:3:14,,,,00:0:0,,,,DNF,00:0:0,,,
387,Hatim Boukhris,Morocco,Male,M45-49,00:0:0,,,,00:0:0,,,,00:0:0,,,,00:0:0,,,,00:0:0,,,,00:0:0,,,,DNS,00:0:0,,,
569,Amine Saydy,Morocco,Male,M40-44,00:0:0,,,,00:20:42,,,,02:52:19,,,,00:55:15,,,,00:8:40,,,,00:5:09,,,,DNF,00:0:0,,,
167,Arnas Stasiulis,Lithuania,Male,M18-24,00:0:0,,,,00:0:0,,,,00:0:0,,,,00:0:0,,,,00:0:0,,,,00:0:0,,,,DNS,00:0:0,,,
92,Imane Atif,Morocco,Female,F35-39,00:0:0,,,,00:47:05,,,,00:0:0,,,,00:0:0,,,,00:14:55,,,,00:0:0,,,,DNF,00:0:0,,,
265,Karim Bahbah,Morocco,Male,M35-39,00:0:0,,,,00:0:0,,,,00:0:0,,,,00:0:0,,,,00:0:0,,,,00:0:0,,,,DNS,00:0:0,,,
494,Olivier Robin,France,Male,M60-64,00:0:0,,,,00:0:0,,,,00:0:0,,,,00:0:0,,,,00:0:0,,,,00:0:0,,,,DNS,00:0:0,,,
20,Abdulla Shaheen Alkaabi,Qatar,Male,M35-39,00:0:0,,,,00:0:0,,,,00:0:0,,,,00:0:0,,,,00:0:0,,,,00:0:0,,,,DNS,00:0:0,,,
214,Thomas Maximilian Ablinger-Palla,Germany,Male,M30-34,00:0:0,,,,00:0:0,,,,00:0:0,,,,00:0:0,,,,00:0:0,,,,00:0:0,,,,DNS,00:0:0,,,
231,Marc Fioriti,Germany,Male,M30-34,00:0:0,,,,00:0:0,,,,00:0:0,,,,00:0:0,,,,00:0:0,,,,00:0:0,,,,DNS,00:0:0,,,
556,Andrea Meloni,Italy,Male,M50-54,00:0:0,,,,00:0:0,,,,00:0:0,,,,00:0:0,,,,00:0:0,,,,00:0:0,,,,DNS,00:0:0,,,